signal_date,总分_raw,总分,仓位,结论,供给|发行量_得分,供给|发行量_乘数,供给|发行占比_得分,供给|发行占比_乘数,供给|10Y以上发行_得分,供给|10Y以上发行_乘数,需求|银行总净买入_得分,需求|银行总净买入_乘数,估值|地方债-国债利差_得分,估值|地方债-国债利差_乘数,估值|地方债-国债利差变化_得分,估值|地方债-国债利差变化_乘数,估值|地方债-NCD利差_得分,估值|地方债-NCD利差_乘数,情绪|非银情绪_得分,情绪|非银情绪_乘数,供给|发行量变化_得分,供给|发行量变化_乘数,需求|银行总净买入变化_得分,需求|银行总净买入变化_乘数,情绪|非银情绪变化_得分,情绪|非银情绪变化_乘数,估值|地方债-NCD利差变化_得分,估值|地方债-NCD利差变化_乘数,估值|地方债-国债利差变化加速度_得分,估值|地方债-国债利差变化加速度_乘数,供需交互|供给×银行承接_得分,供需交互|供给×银行承接_乘数,供需交互|供给×非银承接_得分,供需交互|供给×非银承接_乘数,supply_observed_at,bank_observed_at,valuation_observed_at,sentiment_observed_at,supply_amount_raw,supply_ratio_raw,supply_long_raw,bank_demand_raw,spread_gov_raw,nonbank_sentiment_raw,spread_ncd_raw,spread_change_raw,supply_amount_change_raw,bank_demand_change_raw,nonbank_sentiment_change_raw,spread_ncd_change_raw,spread_change_acceleration_raw
2022-01-17,50.0,50.0,0.0,中性,0.0,0.5,7.5,0.5,15.0,0.5,0.0,0.0,0.0,0.0,20.0,0.5,0.0,0.0,5.0,1.0,2.5,0.5,0.0,0.5,0.0,0.5,0.0,0.5,0.0,0.5,0.0,0.0,0.0,0.5,2022-01-16,2022-01-14,2022-01-14,2022-01-16,1960.224,0.5429646470689907,438.465,-26.74,33.15000000000001,0.259396,51.500000000000014,-1.5400000000000065,,,,,
2022-01-24,50.0,50.0,0.0,中性,0.0,0.0,0.0,0.0,0.0,0.0,0.0,0.5,0.0,0.0,40.0,1.0,2.5,0.5,5.0,1.0,2.5,0.5,0.0,0.5,0.0,1.0,0.0,0.0,0.0,0.5,0.0,0.0,0.0,0.0,2022-01-23,2022-01-21,2022-01-21,2022-01-23,4462.3372,0.802241403128167,2580.8094,-12.69,29.999999999999982,0.52866,54.99999999999999,-3.1500000000000306,2502.1132,14.05,0.269264,3.4999999999999787,-1.610000000000024
2022-02-14,65.0,65.0,0.0,中性,0.0,1.0,15.0,1.0,15.0,0.5,0.0,1.0,0.0,0.5,20.0,0.5,5.0,1.0,5.0,1.0,5.0,1.0,0.0,1.0,0.0,1.0,0.0,0.0,0.0,0.0,0.0,1.0,0.0,1.0,2022-02-13,2022-02-11,2022-02-11,2022-02-13,537.3735,0.2117833657520266,331.527,15.03,30.57000000000003,0.888464,63.98000000000002,-0.7099999999999902,-3924.9637,27.72,0.359804,8.980000000000025,2.4400000000000404
2022-02-21,50.0,50.0,0.0,中性,0.0,0.0,0.0,0.0,0.0,0.0,0.0,0.5,0.0,0.0,40.0,1.0,2.5,0.5,5.0,1.0,2.5,0.5,0.0,0.0,0.0,0.0,0.0,1.0,0.0,0.5,0.0,0.0,0.0,0.0,2022-02-20,2022-02-18,2022-02-18,2022-02-20,2558.1437,0.7617731486594811,1350.7526,2.369999999999999,28.29999999999999,0.311585,60.04999999999998,-2.2700000000000387,2020.7702,-12.66,-0.576879,-3.9300000000000352,-1.5600000000000485
2022-02-28,27.5,27.5,0.0,看空,0.0,0.5,7.5,0.5,15.0,0.5,0.0,0.0,0.0,1.0,0.0,0.0,2.5,0.5,0.0,0.0,2.5,0.5,0.0,0.5,0.0,0.0,0.0,0.5,0.0,0.0,0.0,0.0,0.0,0.0,2022-02-27,2022-02-25,2022-02-25,2022-02-27,1237.22,0.673419623126245,657.4399999999999,-6.820000000000001,34.920000000000016,-0.027697,59.42000000000003,6.620000000000026,-1320.9237,-9.19,-0.339282,-0.6299999999999528,8.890000000000065
2022-03-07,67.5,67.5,0.0,中性,0.0,0.5,7.5,0.5,15.0,0.5,0.0,1.0,0.0,0.5,40.0,1.0,2.5,0.5,0.0,0.0,2.5,0.5,0.0,1.0,0.0,0.0,0.0,1.0,0.0,1.0,0.0,0.5,0.0,0.0,2022-03-06,2022-03-04,2022-03-04,2022-03-06,1350.6348,0.396006866522326,787.749,17.78,32.920000000000016,-0.057947,56.67,-2.0,113.4148,24.6,-0.03025,-2.7500000000000284,-8.620000000000026
2022-03-14,25.0,25.0,0.0,看空,0.0,0.5,7.5,0.5,15.0,0.5,0.0,0.0,0.0,1.0,0.0,0.0,0.0,0.0,0.0,0.0,2.5,0.5,0.0,0.0,0.0,0.0,0.0,0.5,0.0,0.0,0.0,0.0,0.0,0.0,2022-03-13,2022-03-11,2022-03-11,2022-03-13,2070.5023,0.5241111491062795,886.3181000000001,-12.55,36.92999999999999,-0.38269,54.95000000000001,4.009999999999977,719.8675000000001,-30.33,-0.324743,-1.7199999999999918,6.009999999999977
2022-03-21,32.5,32.5,0.0,中性,0.0,0.5,7.5,0.5,0.0,0.0,0.0,0.0,0.0,1.0,20.0,0.5,2.5,0.5,0.0,0.0,2.5,0.5,0.0,0.5,0.0,0.0,0.0,0.5,0.0,1.0,0.0,0.0,0.0,0.0,2022-03-20,2022-03-18,2022-03-18,2022-03-20,1731.0962,0.4958603546931763,1080.576,-22.37,36.140000000000015,-0.7804849999999999,56.410000000000025,-0.7899999999999778,-339.4061000000001,-9.82,-0.3977949999999999,1.460000000000015,-4.7999999999999545
2022-03-28,37.5,37.5,0.0,中性,0.0,0.5,0.0,0.0,15.0,0.5,0.0,0.5,0.0,0.5,20.0,0.5,0.0,0.0,0.0,0.0,2.5,0.5,0.0,0.5,0.0,1.0,0.0,1.0,0.0,0.5,0.0,0.25,0.0,0.0,2022-03-27,2022-03-25,2022-03-25,2022-03-27,1034.4352,1.0,614.2331,-10.05,34.220000000000006,-0.497478,53.94000000000001,-1.9200000000000088,-696.6610000000001,12.32,0.2830069999999999,-2.470000000000013,-1.130000000000031
2022-04-04,70.0,70.0,1.0,看多,0.0,1.0,15.0,1.0,30.0,1.0,0.0,1.0,0.0,0.5,20.0,0.5,2.5,0.5,0.0,0.0,2.5,0.5,0.0,1.0,0.0,1.0,0.0,0.0,0.0,0.5,0.0,1.0,0.0,0.0,2022-04-03,2022-04-02,2022-04-02,2022-04-03,346.5442,0.1983830040481,2.9,10.15,33.530000000000015,-0.073156,59.16999999999999,-0.6899999999999906,-687.8909999999998,20.200000000000003,0.424322,5.229999999999976,1.2300000000000182
2022-04-11,77.5,77.5,1.0,看多,0.0,1.0,15.0,1.0,30.0,1.0,0.0,0.5,0.0,0.5,20.0,0.5,5.0,1.0,5.0,1.0,2.5,0.5,0.0,0.0,0.0,1.0,0.0,0.0,0.0,0.5,0.0,0.5,0.0,1.0,2022-04-10,2022-04-08,2022-04-08,2022-04-10,508.0146,0.2442830512922923,108.8428,-2.1500000000000004,33.11999999999999,0.100424,61.40999999999997,-0.410000000000025,161.47039999999998,-12.3,0.17358,2.2399999999999807,0.2799999999999656
2022-04-18,92.5,92.5,1.0,看多,0.0,0.5,15.0,1.0,30.0,1.0,0.0,1.0,0.0,0.0,40.0,1.0,5.0,1.0,0.0,0.0,2.5,0.5,0.0,1.0,0.0,0.0,0.0,0.5,0.0,1.0,0.0,0.5,0.0,0.0,2022-04-17,2022-04-15,2022-04-15,2022-04-17,1044.2761,0.2591335500364391,21.4,24.129999999999995,30.35000000000001,-0.063833,60.13000000000002,-2.769999999999982,536.2615000000001,26.279999999999998,-0.164257,-1.2799999999999514,-2.359999999999957
2022-04-25,70.0,70.0,1.0,看多,0.0,0.5,7.5,0.5,15.0,0.5,0.0,0.5,0.0,0.0,40.0,1.0,5.0,1.0,0.0,0.0,2.5,0.5,0.0,0.0,0.0,0.0,0.0,0.0,0.0,0.5,0.0,0.25,0.0,0.0,2022-04-24,2022-04-24,2022-04-24,2022-04-24,943.2295,0.35656408776298,584.7388,-1.930000000000001,28.07,-0.259823,71.41999999999999,-2.280000000000016,-101.0466,-26.059999999999995,-0.19599,11.28999999999997,0.489999999999966
2022-05-02,80.0,80.0,1.0,看多,0.0,1.0,15.0,1.0,30.0,1.0,0.0,0.0,0.0,0.0,20.0,0.5,5.0,1.0,5.0,1.0,5.0,1.0,0.0,0.0,0.0,1.0,0.0,0.5,0.0,0.5,0.0,0.0,0.0,1.0,2022-05-01,2022-04-29,2022-04-29,2022-05-01,151.7825,0.1121421961495623,0.0,-41.28,26.50999999999999,0.131171,71.36999999999998,-1.5600000000000025,-791.447,-39.35,0.390994,-0.0500000000000113,0.7200000000000133
2022-05-09,32.5,32.5,0.0,中性,0.0,0.0,7.5,0.5,0.0,0.0,0.0,0.5,0.0,0.0,20.0,0.5,5.0,1.0,0.0,0.0,0.0,0.0,0.0,1.0,0.0,0.0,0.0,0.5,0.0,0.5,0.0,0.0,0.0,0.0,2022-05-08,2022-05-07,2022-05-07,2022-05-08,3028.1034,0.5787434410520049,1437.7215,-6.1300000000000034,25.930000000000007,-0.029395,71.55999999999997,-0.5799999999999841,2876.3209,35.15,-0.160566,0.1899999999999977,0.9800000000000184
2022-05-16,75.0,75.0,1.0,看多,0.0,0.0,7.5,0.5,15.0,0.5,0.0,0.0,0.0,0.0,40.0,1.0,5.0,1.0,5.0,1.0,2.5,0.5,0.0,0.0,0.0,1.0,0.0,0.0,0.0,0.5,0.0,0.0,0.0,0.0,2022-05-15,2022-05-13,2022-05-13,2022-05-15,3198.7005,0.6857394325623383,970.1458,-28.92,23.850000000000016,0.10098,75.25000000000004,-2.079999999999991,170.59709999999995,-22.79,0.130375,3.690000000000069,-1.500000000000007
2022-05-23,10.0,10.0,0.0,看空,0.0,0.0,0.0,0.0,0.0,0.0,0.0,0.0,0.0,0.0,0.0,0.0,5.0,1.0,5.0,1.0,0.0,0.0,0.0,0.5,0.0,0.0,0.0,0.0,0.0,0.0,0.0,0.0,0.0,0.0,2022-05-22,2022-05-20,2022-05-20,2022-05-22,4094.7287,0.8461531689957121,1931.7656,-24.050000000000004,26.83999999999997,0.07371,77.84,2.98999999999996,896.0282000000002,4.869999999999997,-0.02727,2.589999999999961,5.069999999999951
2022-05-30,30.0,30.0,0.0,中性,0.0,0.5,0.0,0.0,15.0,0.5,0.0,0.0,0.0,0.5,0.0,0.0,5.0,1.0,5.0,1.0,5.0,1.0,0.0,0.5,0.0,1.0,0.0,1.0,0.0,0.0,0.0,0.0,0.0,0.5,2022-05-29,2022-05-27,2022-05-27,2022-05-29,1730.098,1.0,856.2151,-28.49,31.979999999999983,0.224309,72.71999999999998,5.140000000000011,-2364.6307,-4.439999999999994,0.150599,-5.120000000000019,2.1500000000000514
2022-06-06,47.5,47.5,0.0,中性,0.0,0.0,7.5,0.5,15.0,0.5,0.0,1.0,0.0,0.5,20.0,0.5,5.0,1.0,0.0,0.0,0.0,0.0,0.0,1.0,0.0,0.0,0.0,0.5,0.0,1.0,0.0,0.0,0.0,0.0,2022-06-05,2022-06-02,2022-06-02,2022-06-05,2654.3066,0.6508035563801712,780.9907,10.559999999999995,30.09,-0.213637,73.1,-1.88999999999999,924.2086,39.05,-0.437946,0.3800000000000096,-7.030000000000001
2022-06-13,2.5,2.5,0.0,看空,0.0,0.0,0.0,0.0,0.0,0.0,0.0,0.0,0.0,0.5,0.0,0.0,2.5,0.5,0.0,0.0,0.0,0.0,0.0,0.0,0.0,1.0,0.0,1.0,0.0,0.0,0.0,0.0,0.0,0.0,2022-06-12,2022-06-10,2022-06-10,2022-06-12,6167.3588,0.8029830850328235,3739.8564,-21.81,32.689999999999976,-0.21304,70.44999999999999,2.59999999999998,3513.0522,-32.36999999999999,0.0005969999999999,-2.6500000000000057,4.48999999999997
2022-06-20,37.5,37.5,0.0,中性,0.0,0.0,7.5,0.5,0.0,0.0,0.0,0.5,0.0,0.5,20.0,0.5,5.0,1.0,0.0,0.0,5.0,1.0,0.0,0.5,0.0,1.0,0.0,0.0,0.0,1.0,0.0,0.0,0.0,0.0,2022-06-19,2022-06-17,2022-06-17,2022-06-19,5178.1587,0.7111528099831148,2506.7059,-14.760000000000003,31.590000000000007,-0.207925,77.61,-1.0999999999999694,-989.2001,7.049999999999995,0.005115,7.160000000000011,-3.6999999999999496
2022-06-27,27.5,27.5,0.0,看空,0.0,0.0,0.0,0.0,0.0,0.0,0.0,0.5,0.0,0.5,20.0,0.5,5.0,1.0,0.0,0.0,2.5,0.5,0.0,0.5,0.0,1.0,0.0,0.0,0.0,0.5,0.0,0.0,0.0,0.0,2022-06-26,2022-06-24,2022-06-24,2022-06-26,5269.4936,0.9133372814556896,3382.8967,-4.900000000000004,30.16000000000001,-0.095863,80.94000000000001,-1.4299999999999962,91.33489999999983,9.86,0.112062,3.3300000000000125,-0.3300000000000267
2022-07-04,77.5,77.5,1.0,看多,0.0,0.5,7.5,0.5,15.0,0.5,0.0,0.0,0.0,0.0,40.0,1.0,5.0,1.0,5.0,1.0,5.0,1.0,0.0,0.0,0.0,1.0,0.0,0.5,0.0,0.5,0.0,0.0,0.0,0.5,2022-07-03,2022-07-01,2022-07-01,2022-07-03,1725.2153,0.3424394721468988,270.3895,-25.4,27.170000000000005,0.045346,81.21999999999998,-2.990000000000005,-3544.2783,-20.499999999999996,0.141209,0.2799999999999727,-1.560000000000009
2022-07-11,100.0,100.0,1.0,看多,0.0,0.5,15.0,1.0,30.0,1.0,0.0,1.0,0.0,0.0,40.0,1.0,5.0,1.0,5.0,1.0,5.0,1.0,0.0,1.0,0.0,1.0,0.0,0.5,0.0,0.5,0.0,0.5,0.0,0.5,2022-07-10,2022-07-08,2022-07-08,2022-07-10,569.4466,0.1941021763774689,60.0,7.969999999999996,24.900000000000013,0.056633,80.24,-2.2699999999999925,-1155.7687,33.37,0.011287,-0.9799999999999898,0.7200000000000126
2022-07-18,77.5,77.5,1.0,看多,0.0,0.5,15.0,1.0,30.0,1.0,0.0,0.5,0.0,0.0,20.0,0.5,5.0,1.0,5.0,1.0,2.5,0.5,0.0,0.0,0.0,1.0,0.0,0.0,0.0,0.0,0.0,0.25,0.0,0.5,2022-07-17,2022-07-15,2022-07-15,2022-07-17,941.6694,0.2328922507055625,163.5,-17.790000000000003,26.270000000000017,0.140469,85.34000000000002,1.3700000000000043,372.2228,-25.76,0.083836,5.100000000000023,3.639999999999997
2022-07-25,55.0,55.0,0.0,中性,0.0,0.5,7.5,0.5,15.0,0.5,0.0,0.0,0.0,0.0,20.0,0.5,5.0,1.0,5.0,1.0,2.5,0.5,0.0,0.0,0.0,0.0,0.0,0.0,0.0,1.0,0.0,0.0,0.0,0.5,2022-07-24,2022-07-22,2022-07-22,2022-07-24,767.3440999999999,0.3790581354227277,237.3025,-44.580000000000005,24.39,0.09085,87.59000000000002,-1.8800000000000168,-174.32530000000008,-26.790000000000003,-0.049619,2.25,-3.2500000000000213
2022-08-01,70.0,70.0,1.0,看多,0.0,0.5,7.5,0.5,30.0,1.0,0.0,0.5,0.0,0.0,20.0,0.5,5.0,1.0,5.0,1.0,2.5,0.5,0.0,1.0,0.0,1.0,0.0,0.0,0.0,0.0,0.0,0.25,0.0,0.5,2022-07-31,2022-07-29,2022-07-29,2022-07-31,1251.3116,0.3002250815492344,47.7242,-13.710000000000004,24.960000000000004,0.234332,96.06,0.5700000000000038,483.9675000000001,30.87,0.143482,8.469999999999985,2.4500000000000206
2022-08-08,80.0,80.0,1.0,看多,0.0,1.0,15.0,1.0,30.0,1.0,0.0,0.5,0.0,0.0,20.0,0.5,5.0,1.0,5.0,1.0,5.0,1.0,0.0,0.5,0.0,0.0,0.0,0.0,0.0,0.5,0.0,0.5,0.0,1.0,2022-08-07,2022-08-05,2022-08-05,2022-08-07,243.1998,0.0675930554526434,0.0,-10.480000000000002,24.05999999999997,0.108735,105.45,-0.9000000000000341,-1008.1118,3.230000000000002,-0.125597,9.39,-1.470000000000038
2022-08-15,47.5,47.5,0.0,中性,0.0,0.5,7.5,0.5,15.0,0.5,0.0,1.0,0.0,0.0,20.0,0.5,5.0,1.0,0.0,0.0,0.0,0.0,0.0,0.5,0.0,0.0,0.0,1.0,0.0,0.5,0.0,0.5,0.0,0.0,2022-08-14,2022-08-12,2022-08-12,2022-08-14,1205.726,0.6308652142656075,217.5,10.32,25.02,-0.0088839999999999,96.49,0.9600000000000256,962.5262,20.800000000000004,-0.1176189999999999,-8.960000000000008,1.86000000000006
2022-08-22,50.0,50.0,0.0,中性,0.0,0.5,7.5,0.5,30.0,1.0,0.0,0.0,0.0,0.5,0.0,0.0,5.0,1.0,5.0,1.0,2.5,0.5,0.0,0.0,0.0,1.0,0.0,0.0,0.0,0.0,0.0,0.0,0.0,0.5,2022-08-21,2022-08-19,2022-08-19,2022-08-21,1122.823,0.297387477510334,29.2,-49.11,31.26000000000002,0.581824,99.01000000000002,6.240000000000023,-82.90300000000002,-59.43,0.5907079999999999,2.5200000000000244,5.279999999999998
2022-08-29,75.0,75.0,1.0,看多,0.0,1.0,7.5,0.5,15.0,0.5,0.0,0.5,0.0,0.5,40.0,1.0,5.0,1.0,5.0,1.0,2.5,0.5,0.0,1.0,0.0,0.0,0.0,1.0,0.0,1.0,0.0,0.5,0.0,1.0,2022-08-28,2022-08-26,2022-08-26,2022-08-28,431.0007,0.2414163059477879,241.4252,-10.46,27.92000000000004,0.114091,93.22,-3.3399999999999856,-691.8223,38.65,-0.467733,-5.7900000000000205,-9.580000000000007
2022-09-05,77.5,77.5,1.0,看多,0.0,1.0,15.0,1.0,30.0,1.0,0.0,0.5,0.0,0.5,20.0,0.5,5.0,1.0,5.0,1.0,2.5,0.5,0.0,0.5,0.0,0.0,0.0,0.0,0.0,0.0,0.0,0.5,0.0,1.0,2022-09-04,2022-09-02,2022-09-02,2022-09-04,569.4272,0.1565036672988812,0.0,1.65,28.47000000000004,0.003859,96.23000000000002,0.5500000000000078,138.42649999999998,12.11,-0.110232,3.0100000000000198,3.8899999999999935
2022-09-12,55.0,55.0,0.0,中性,0.0,0.5,7.5,0.5,15.0,0.5,0.0,0.5,0.0,0.5,20.0,0.5,5.0,1.0,5.0,1.0,2.5,0.5,0.0,0.5,0.0,1.0,0.0,0.5,0.0,1.0,0.0,0.25,0.0,0.5,2022-09-11,2022-09-08,2022-09-09,2022-09-11,784.0331,0.2626195509120603,129.56,-8.09,26.69000000000001,0.072868,96.19,-1.7800000000000296,214.6059,-9.74,0.069009,-0.0400000000000204,-2.3300000000000374
2022-09-19,65.0,65.0,0.0,中性,0.0,0.5,7.5,0.5,30.0,1.0,0.0,1.0,0.0,0.5,20.0,0.5,5.0,1.0,0.0,0.0,2.5,0.5,0.0,0.5,0.0,0.0,0.0,0.5,0.0,0.5,0.0,0.5,0.0,0.0,2022-09-18,2022-09-16,2022-09-16,2022-09-18,858.0006,0.2513697738781049,25.4,10.69,26.35000000000001,-0.166662,96.15,-0.3400000000000034,73.96749999999997,18.78,-0.23953,-0.039999999999992,1.440000000000026
2022-09-26,55.0,55.0,0.0,中性,0.0,1.0,7.5,0.5,15.0,0.5,0.0,0.5,0.0,0.0,20.0,0.5,5.0,1.0,5.0,1.0,2.5,0.5,0.0,0.0,0.0,1.0,0.0,0.5,0.0,0.5,0.0,0.5,0.0,1.0,2022-09-25,2022-09-23,2022-09-23,2022-09-25,454.7417,0.4192165747845777,64.17999999999999,-21.67,24.770000000000003,0.333059,94.54000000000002,-1.5800000000000054,-403.2589,-32.36,0.4997209999999999,-1.6099999999999852,-1.240000000000002
2022-10-17,50.0,50.0,0.0,中性,0.0,0.5,7.5,0.5,15.0,0.5,0.0,0.0,0.0,0.0,20.0,0.5,2.5,0.5,5.0,1.0,0.0,0.0,0.0,0.5,0.0,0.0,0.0,0.5,0.0,0.0,0.0,0.0,0.0,0.5,2022-10-16,2022-10-14,2022-10-14,2022-10-16,1842.9968,0.4111082122565869,780.7263,-20.51,23.34999999999998,0.0083099999999999,93.12,0.6899999999999906,1388.2551,1.16,-0.324749,-1.420000000000016,2.269999999999996
2022-10-24,55.0,55.0,0.0,中性,0.0,0.0,7.5,0.5,0.0,0.0,0.0,1.0,0.0,0.0,40.0,1.0,2.5,0.5,5.0,1.0,0.0,0.0,0.0,1.0,0.0,1.0,0.0,1.0,0.0,1.0,0.0,0.0,0.0,0.0,2022-10-23,2022-10-21,2022-10-21,2022-10-23,2825.4851,0.6507957427806723,1833.6588,12.410000000000002,20.070000000000032,0.128001,89.85000000000002,-3.279999999999948,982.4883,32.92,0.1196910000000001,-3.269999999999982,-3.9699999999999385
2022-10-31,30.0,30.0,0.0,中性,0.0,0.5,7.5,0.5,15.0,0.5,0.0,0.0,0.0,0.5,0.0,0.0,2.5,0.5,0.0,0.0,5.0,1.0,0.0,0.0,0.0,0.0,0.0,0.5,0.0,0.0,0.0,0.0,0.0,0.0,2022-10-30,2022-10-28,2022-10-28,2022-10-30,1405.5355,0.3897082197521762,583.6659,-27.18,25.22000000000002,-0.242476,90.75,5.149999999999988,-1419.9496,-39.59,-0.370477,0.8999999999999773,8.429999999999936
2022-11-07,60.0,60.0,0.0,中性,0.0,0.5,15.0,1.0,15.0,0.5,0.0,0.5,0.0,0.0,20.0,0.5,2.5,0.5,5.0,1.0,2.5,0.5,0.0,1.0,0.0,1.0,0.0,1.0,0.0,1.0,0.0,0.25,0.0,0.5,2022-11-06,2022-11-04,2022-11-04,2022-11-06,932.2869,0.2381814981803756,203.58,2.0299999999999976,24.03999999999997,0.225323,85.77,-1.1800000000000497,-473.2486,29.21,0.4677989999999999,-4.980000000000004,-6.330000000000037
2022-11-14,67.5,67.5,0.0,中性,0.0,1.0,7.5,0.5,15.0,0.5,0.0,0.5,0.0,0.0,40.0,1.0,2.5,0.5,0.0,0.0,2.5,0.5,0.0,0.5,0.0,0.0,0.0,1.0,0.0,0.5,0.0,0.5,0.0,0.0,2022-11-13,2022-11-11,2022-11-11,2022-11-13,514.0513,0.2536957286591254,223.1386,-3.950000000000003,21.890000000000008,-0.115197,65.43,-2.149999999999963,-418.2356,-5.98,-0.34052,-20.33999999999999,-0.9699999999999134
2022-11-21,87.5,87.5,1.0,看多,0.0,1.0,15.0,1.0,30.0,1.0,0.0,1.0,0.0,0.0,40.0,1.0,0.0,0.0,0.0,0.0,2.5,0.5,0.0,1.0,0.0,0.0,0.0,1.0,0.0,0.5,0.0,1.0,0.0,0.0,2022-11-20,2022-11-18,2022-11-18,2022-11-20,185.3755,0.0880026850537782,20.03,21.81,18.52999999999998,-2.38453,49.03,-3.360000000000028,-328.6758,25.76,-2.269333,-16.400000000000006,-1.2100000000000648
2022-11-28,80.0,80.0,1.0,看多,0.0,1.0,7.5,0.5,30.0,1.0,0.0,0.5,0.0,0.0,40.0,1.0,0.0,0.0,0.0,0.0,2.5,0.5,0.0,0.0,0.0,1.0,0.0,0.0,0.0,0.5,0.0,0.5,0.0,0.0,2022-11-27,2022-11-25,2022-11-25,2022-11-27,485.9951,0.2686695873077437,25.44,-1.6400000000000023,14.529999999999976,-0.0365859999999999,54.19999999999998,-4.000000000000004,300.6196,-23.450000000000003,2.347944,5.16999999999998,-0.6399999999999766
2022-12-05,67.5,67.5,0.0,中性,0.0,1.0,15.0,1.0,30.0,1.0,0.0,0.5,0.0,0.0,20.0,0.5,0.0,0.0,0.0,0.0,2.5,0.5,0.0,0.5,0.0,0.0,0.0,1.0,0.0,0.0,0.0,0.5,0.0,0.0,2022-12-04,2022-12-02,2022-12-02,2022-12-04,375.6,0.1484878434473216,0.0,-16.090000000000003,14.860000000000008,-0.201976,51.62,0.3300000000000302,-110.39509999999996,-14.45,-0.1653900000000001,-2.579999999999984,4.330000000000035
2022-12-12,67.5,67.5,0.0,中性,0.0,1.0,15.0,1.0,30.0,1.0,0.0,0.0,0.0,0.0,20.0,0.5,0.0,0.0,0.0,0.0,2.5,0.5,0.0,0.5,0.0,0.0,0.0,1.0,0.0,0.5,0.0,0.0,0.0,0.0,2022-12-11,2022-12-09,2022-12-09,2022-12-11,168.1235,0.0168561363425702,0.0,-25.230000000000004,14.579999999999991,-0.932368,41.10999999999998,-0.2800000000000135,-207.4765,-9.14,-0.7303919999999999,-10.51000000000002,-0.6100000000000437
2022-12-19,47.5,47.5,0.0,中性,0.0,1.0,15.0,1.0,30.0,1.0,0.0,1.0,0.0,0.0,0.0,0.0,0.0,0.0,0.0,0.0,2.5,0.5,0.0,1.0,0.0,1.0,0.0,1.0,0.0,0.0,0.0,1.0,0.0,0.0,2022-12-18,2022-12-16,2022-12-16,2022-12-18,126.0351,0.0566186490051302,0.0,11.099999999999994,17.43999999999999,-0.232911,33.999999999999986,2.8599999999999977,-42.08840000000001,36.33,0.699457,-7.109999999999992,3.1400000000000112
2022-12-26,37.5,37.5,0.0,中性,0.0,1.0,0.0,0.0,30.0,1.0,0.0,1.0,0.0,0.5,0.0,0.0,0.0,0.0,5.0,1.0,2.5,0.5,0.0,0.5,0.0,1.0,0.0,0.0,0.0,0.0,0.0,1.0,0.0,1.0,2022-12-25,2022-12-23,2022-12-23,2022-12-25,7.23,1.0,2.47,15.979999999999997,23.99,0.0090379999999999,46.99999999999997,6.550000000000011,-118.8051,4.880000000000003,0.2419489999999999,12.999999999999986,3.6900000000000137
2023-01-02,45.0,45.0,0.0,中性,0.0,1.0,0.0,0.0,15.0,0.5,0.0,0.5,0.0,0.0,20.0,0.5,2.5,0.5,5.0,1.0,2.5,0.5,0.0,0.0,0.0,1.0,0.0,0.0,0.0,1.0,0.0,0.5,0.0,1.0,2023-01-01,2022-12-30,2022-12-31,2023-01-01,212.6,1.0,85.0,-8.830000000000005,22.909999999999982,0.148324,64.44000000000001,-1.080000000000016,205.37,-24.81,0.1392860000000001,17.44000000000004,-7.630000000000027
2023-01-09,70.0,70.0,1.0,看多,0.0,0.5,15.0,1.0,15.0,0.5,0.0,0.5,0.0,0.0,40.0,1.0,0.0,0.0,0.0,0.0,0.0,0.0,0.0,0.5,0.0,0.0,0.0,1.0,0.0,1.0,0.0,0.25,0.0,0.0,2023-01-08,2023-01-06,2023-01-06,2023-01-08,989.45,0.1799179917991799,633.33,-13.210000000000004,16.719999999999978,-0.096194,50.99999999999998,-6.190000000000008,776.85,-4.379999999999999,-0.244518,-13.440000000000031,-5.109999999999992
2023-01-16,47.5,47.5,0.0,中性,0.0,0.0,7.5,0.5,0.0,0.0,0.0,0.0,0.0,0.0,40.0,1.0,0.0,0.0,0.0,0.0,0.0,0.0,0.0,0.5,0.0,1.0,0.0,1.0,0.0,0.0,0.0,0.0,0.0,0.0,2023-01-15,2023-01-13,2023-01-13,2023-01-15,2987.5775,0.6087682772202783,1743.5877,-20.460000000000008,13.560000000000016,-0.030598,47.65999999999999,-3.159999999999961,1998.1275,-7.2500000000000036,0.065596,-3.339999999999989,3.0300000000000478
2023-02-06,27.5,27.5,0.0,看空,0.0,0.5,7.5,0.5,15.0,0.5,0.0,0.0,0.0,0.0,0.0,0.0,0.0,0.0,0.0,0.0,5.0,1.0,0.0,0.5,0.0,0.0,0.0,0.5,0.0,0.0,0.0,0.0,0.0,0.0,2023-02-05,2023-02-03,2023-02-03,2023-02-05,1441.28,0.4287890327494288,767.6400000000001,-30.390000000000008,15.660000000000007,-0.146888,46.59,2.110000000000012,-1546.2975,-9.93,-0.1162899999999999,-1.069999999999986,5.269999999999973
2023-02-13,45.0,45.0,0.0,中性,0.0,0.5,7.5,0.5,15.0,0.5,0.0,0.5,0.0,0.0,20.0,0.5,0.0,0.0,0.0,0.0,2.5,0.5,0.0,1.0,0.0,1.0,0.0,1.0,0.0,1.0,0.0,0.25,0.0,0.0,2023-02-12,2023-02-10,2023-02-10,2023-02-12,921.6907,0.3154648436947826,499.7638,-7.5300000000000065,15.470000000000006,-0.06749,43.99999999999999,-0.1900000000000012,-519.5893,22.86,0.079398,-2.5900000000000105,-2.300000000000013
2023-02-20,27.5,27.5,0.0,看空,0.0,0.0,7.5,0.5,0.0,0.0,0.0,0.0,0.0,0.0,20.0,0.5,0.0,0.0,0.0,0.0,0.0,0.0,0.0,0.5,0.0,0.0,0.0,1.0,0.0,0.5,0.0,0.0,0.0,0.0,2023-02-19,2023-02-17,2023-02-17,2023-02-19,2175.219,0.5076097627682505,1257.4664,-21.320000000000007,16.300000000000026,-0.079197,40.00000000000004,0.8300000000000196,1253.5283,-13.79,-0.011707,-3.9999999999999503,1.020000000000021
2023-02-27,52.5,52.5,0.0,中性,0.0,0.5,7.5,0.5,15.0,0.5,0.0,0.5,0.0,0.0,20.0,0.5,0.0,0.0,5.0,1.0,5.0,1.0,0.0,0.5,0.0,1.0,0.0,1.0,0.0,1.0,0.0,0.25,0.0,0.5,2023-02-26,2023-02-24,2023-02-24,2023-02-26,1131.1436,0.6177252291955694,484.8117,-8.560000000000004,14.52,0.340616,33.779999999999966,-1.780000000000026,-1044.0754,12.760000000000003,0.419813,-6.220000000000077,-2.6100000000000456
2023-03-06,35.0,35.0,0.0,中性,0.0,0.5,7.5,0.5,0.0,0.0,0.0,0.5,0.0,0.0,20.0,0.5,0.0,0.0,5.0,1.0,2.5,0.5,0.0,0.5,0.0,0.0,0.0,1.0,0.0,0.0,0.0,0.25,0.0,0.5,2023-03-05,2023-03-03,2023-03-03,2023-03-05,1529.8643,0.4434563701534579,874.8680999999999,-10.310000000000006,15.090000000000003,0.107397,31.349999999999987,0.5700000000000038,398.7206999999999,-1.7500000000000018,-0.2332189999999999,-2.4299999999999784,2.35000000000003
2023-03-13,30.0,30.0,0.0,中性,0.0,0.5,7.5,0.5,15.0,0.5,0.0,0.5,0.0,0.5,0.0,0.0,0.0,0.0,5.0,1.0,2.5,0.5,0.0,0.5,0.0,0.0,0.0,0.5,0.0,0.0,0.0,0.25,0.0,0.5,2023-03-12,2023-03-10,2023-03-10,2023-03-12,1095.499,0.3365072451258624,177.54,-9.640000000000006,18.36000000000002,0.070988,33.13000000000002,3.2700000000000173,-434.36529999999993,0.6699999999999999,-0.036409,1.7800000000000296,2.700000000000013
2023-03-20,27.5,27.5,0.0,看空,0.0,0.0,7.5,0.5,0.0,0.0,0.0,0.5,0.0,0.0,20.0,0.5,0.0,0.0,0.0,0.0,0.0,0.0,0.0,0.5,0.0,0.0,0.0,0.5,0.0,1.0,0.0,0.0,0.0,0.0,2023-03-19,2023-03-17,2023-03-17,2023-03-19,3380.3726,0.5075350589244811,1655.0824,-10.310000000000002,16.500000000000004,-0.007327,35.02000000000001,-1.8600000000000168,2284.8736,-0.6699999999999964,-0.078315,1.8899999999999932,-5.1300000000000345
2023-03-27,25.0,25.0,0.0,看空,0.0,0.0,0.0,0.0,0.0,0.0,0.0,0.5,0.0,0.0,20.0,0.5,0.0,0.0,0.0,0.0,5.0,1.0,0.0,0.5,0.0,0.0,0.0,0.5,0.0,0.5,0.0,0.0,0.0,0.0,2023-03-26,2023-03-24,2023-03-24,2023-03-26,2485.5167,1.0,1269.954,-13.300000000000002,14.670000000000003,-0.020826,35.429999999999986,-1.8299999999999983,-894.8559,-2.99,-0.013499,0.4099999999999753,0.0300000000000184
2023-04-03,40.0,40.0,0.0,中性,0.0,0.5,0.0,0.0,15.0,0.5,0.0,0.0,0.0,0.0,20.0,0.5,0.0,0.0,0.0,0.0,5.0,1.0,0.0,0.5,0.0,0.0,0.0,0.0,0.0,0.0,0.0,0.0,0.0,0.0,2023-04-02,2023-03-31,2023-03-31,2023-04-02,877.6913,0.6869353340670004,185.06,-24.72000000000001,15.520000000000024,-0.54582,41.29999999999998,0.8500000000000174,-1607.8254000000002,-11.420000000000009,-0.524994,5.869999999999997,2.680000000000016
2023-04-10,47.5,47.5,0.0,中性,0.0,0.0,7.5,0.5,15.0,0.5,0.0,0.0,0.0,0.0,20.0,0.5,0.0,0.0,5.0,1.0,0.0,0.0,0.0,0.5,0.0,1.0,0.0,1.0,0.0,0.5,0.0,0.0,0.0,0.0,2023-04-09,2023-04-07,2023-04-07,2023-04-09,2419.8437,0.4381914331047523,865.7339999999999,-26.930000000000003,15.410000000000013,0.18982,36.55000000000004,-0.11000000000001,1542.1524,-2.2099999999999937,0.73564,-4.749999999999943,-0.9600000000000274
2023-04-17,52.5,52.5,0.0,中性,0.0,0.5,7.5,0.5,15.0,0.5,0.0,0.0,0.0,0.0,20.0,0.5,0.0,0.0,5.0,1.0,5.0,1.0,0.0,0.5,0.0,1.0,0.0,0.5,0.0,0.5,0.0,0.0,0.0,0.5,2023-04-16,2023-04-14,2023-04-14,2023-04-16,1079.8653,0.312672249971646,265.947,-34.620000000000005,15.189999999999992,0.316936,36.49999999999998,-0.2200000000000201,-1339.9784,-7.690000000000001,0.127116,-0.0500000000000611,-0.11000000000001
2023-04-24,27.5,27.5,0.0,看空,0.0,0.5,7.5,0.5,0.0,0.0,0.0,0.0,0.0,0.0,20.0,0.5,0.0,0.0,0.0,0.0,0.0,0.0,0.0,0.5,0.0,0.0,0.0,0.5,0.0,0.5,0.0,0.0,0.0,0.0,2023-04-23,2023-04-23,2023-04-23,2023-04-23,2351.0888,0.5887600215641804,1050.1891,-25.510000000000005,15.300000000000002,-0.2334309999999999,34.50000000000002,0.11000000000001,1271.2235,9.11,-0.5503669999999998,-1.9999999999999571,0.3300000000000301
2023-05-01,75.0,75.0,1.0,看多,0.0,1.0,15.0,1.0,30.0,1.0,0.0,0.0,0.0,0.5,20.0,0.5,0.0,0.0,5.0,1.0,5.0,1.0,0.0,0.0,0.0,1.0,0.0,0.5,0.0,0.5,0.0,0.0,0.0,1.0,2023-04-30,2023-04-28,2023-04-28,2023-04-30,0.0,0.0,0.0,-41.35,16.130000000000024,0.133484,35.51000000000002,0.8300000000000214,-2351.0888,-15.839999999999996,0.3669149999999999,1.009999999999998,0.7200000000000114
2023-05-08,57.5,57.5,0.0,中性,0.0,0.5,15.0,1.0,15.0,0.5,0.0,0.5,0.0,0.5,20.0,0.5,0.0,0.0,5.0,1.0,2.5,0.5,0.0,1.0,0.0,0.0,0.0,0.0,0.0,0.5,0.0,0.25,0.0,0.5,2023-05-07,2023-05-06,2023-05-06,2023-05-07,697.2973999999999,0.2171794202717453,358.841,-16.130000000000003,16.900000000000006,0.099703,39.01000000000003,0.7699999999999818,697.2973999999999,25.22,-0.0337809999999999,3.500000000000014,-0.0600000000000395
2023-05-15,30.0,30.0,0.0,中性,0.0,0.0,7.5,0.5,15.0,0.5,0.0,0.5,0.0,0.5,0.0,0.0,2.5,0.5,5.0,1.0,0.0,0.0,0.0,0.5,0.0,1.0,0.0,0.0,0.0,0.5,0.0,0.0,0.0,0.0,2023-05-14,2023-05-12,2023-05-12,2023-05-14,2824.0024,0.5449109681068358,776.7583,-14.460000000000004,19.41000000000001,0.144903,46.99,2.510000000000012,2126.705,1.6699999999999982,0.0452,7.979999999999968,1.7400000000000304
2023-05-22,30.0,30.0,0.0,中性,0.0,0.0,0.0,0.0,0.0,0.0,0.0,0.0,0.0,0.5,20.0,0.5,2.5,0.5,5.0,1.0,2.5,0.5,0.0,0.0,0.0,1.0,0.0,1.0,0.0,1.0,0.0,0.0,0.0,0.0,2023-05-21,2023-05-19,2023-05-19,2023-05-21,3157.3552,0.6527567590454424,1011.3834,-35.190000000000005,18.77,0.183548,44.28000000000001,-0.6400000000000219,333.3528000000001,-20.73,0.0386449999999999,-2.7099999999999937,-3.150000000000034
2023-05-29,55.0,55.0,0.0,中性,0.0,0.5,7.5,0.5,15.0,0.5,0.0,0.5,0.0,0.5,20.0,0.5,2.5,0.5,5.0,1.0,5.0,1.0,0.0,0.5,0.0,1.0,0.0,0.0,0.0,0.5,0.0,0.25,0.0,0.5,2023-05-28,2023-05-26,2023-05-26,2023-05-28,874.8899,0.542368965300694,259.708,-18.92,17.520000000000024,0.235097,47.57000000000002,-1.2499999999999716,-2282.4653,16.270000000000003,0.051549,3.2900000000000134,-0.6099999999999497
2023-06-05,30.0,30.0,0.0,中性,0.0,0.5,7.5,0.5,15.0,0.5,0.0,0.5,0.0,0.5,0.0,0.0,2.5,0.5,5.0,1.0,0.0,0.0,0.0,0.5,0.0,0.0,0.0,0.0,0.0,0.0,0.0,0.25,0.0,0.5,2023-06-04,2023-06-02,2023-06-02,2023-06-04,1734.5227,0.3371525573682983,847.7273,-9.760000000000003,19.700000000000006,0.048784,52.46,2.179999999999982,859.6328,9.159999999999998,-0.186313,4.889999999999979,3.429999999999953
2023-06-12,52.5,52.5,0.0,中性,0.0,0.5,7.5,0.5,15.0,0.5,0.0,0.5,0.0,0.5,20.0,0.5,2.5,0.5,5.0,1.0,2.5,0.5,0.0,0.5,0.0,1.0,0.0,0.0,0.0,0.5,0.0,0.25,0.0,0.5,2023-06-11,2023-06-09,2023-06-09,2023-06-11,1618.5648,0.3941792107321167,412.0935,-13.310000000000006,20.969999999999978,0.159476,56.67,1.2699999999999712,-115.95789999999988,-3.5500000000000025,0.110692,4.210000000000001,-0.9100000000000108
2023-06-19,47.5,47.5,0.0,中性,0.0,0.0,7.5,0.5,15.0,0.5,0.0,0.0,0.0,0.5,20.0,0.5,2.5,0.5,0.0,0.0,2.5,0.5,0.0,0.5,0.0,0.0,0.0,1.0,0.0,1.0,0.0,0.0,0.0,0.0,2023-06-18,2023-06-16,2023-06-16,2023-06-18,1991.1465,0.5395846750257748,482.1699,-25.070000000000004,19.69000000000003,-0.0562779999999999,52.45000000000002,-1.2799999999999478,372.5817,-11.759999999999998,-0.2157539999999999,-4.219999999999985,-2.549999999999919
2023-06-26,22.5,22.5,0.0,看空,0.0,0.0,0.0,0.0,0.0,0.0,0.0,1.0,0.0,0.5,20.0,0.5,2.5,0.5,0.0,0.0,0.0,0.0,0.0,1.0,0.0,0.0,0.0,0.5,0.0,0.0,0.0,0.0,0.0,0.0,2023-06-25,2023-06-25,2023-06-25,2023-06-25,2958.0473,1.0,1493.4986,4.219999999999997,20.710000000000008,-0.151493,50.970000000000006,1.0199999999999785,966.9008,29.29,-0.095215,-1.480000000000011,2.299999999999926
2023-07-03,30.0,30.0,0.0,中性,0.0,0.5,7.5,0.5,15.0,0.5,0.0,0.0,0.0,0.5,0.0,0.0,2.5,0.5,0.0,0.0,5.0,1.0,0.0,0.0,0.0,1.0,0.0,0.0,0.0,0.5,0.0,0.0,0.0,0.0,2023-07-02,2023-06-30,2023-06-30,2023-07-02,1111.9368,0.3202825744163555,75.0621,-34.230000000000004,23.13000000000001,-0.0781179999999999,56.13999999999999,2.419999999999998,-1846.1105,-38.45,0.073375,5.169999999999988,1.4000000000000197
2023-07-10,75.0,75.0,1.0,看多,0.0,0.5,15.0,1.0,30.0,1.0,0.0,1.0,0.0,0.5,20.0,0.5,2.5,0.5,5.0,1.0,2.5,0.5,0.0,1.0,0.0,1.0,0.0,0.0,0.0,1.0,0.0,0.5,0.0,0.5,2023-07-09,2023-07-07,2023-07-07,2023-07-09,792.2485,0.1585317433478174,53.5892,21.46,22.970000000000024,0.362172,60.00000000000001,-0.1599999999999823,-319.6882999999999,55.690000000000005,0.4402899999999999,3.8600000000000136,-2.5799999999999805
2023-07-17,42.5,42.5,0.0,中性,0.0,0.0,0.0,0.0,15.0,0.5,0.0,0.5,0.0,0.5,20.0,0.5,2.5,0.5,5.0,1.0,0.0,0.0,0.0,0.0,0.0,0.0,0.0,1.0,0.0,0.5,0.0,0.0,0.0,0.0,2023-07-16,2023-07-14,2023-07-14,2023-07-16,1915.0524,0.7829155254400928,755.9309000000001,-6.520000000000005,21.23,0.327554,54.67,-1.7400000000000304,1122.8039,-27.980000000000004,-0.0346179999999999,-5.330000000000005,-1.580000000000048
2023-07-24,32.5,32.5,0.0,中性,0.0,0.0,7.5,0.5,15.0,0.5,0.0,0.5,0.0,0.5,0.0,0.0,2.5,0.5,5.0,1.0,2.5,0.5,0.0,0.0,0.0,0.0,0.0,0.0,0.0,0.0,0.0,0.0,0.0,0.0,2023-07-23,2023-07-21,2023-07-21,2023-07-23,2217.1933,0.4993686139120975,474.0182,-21.24,23.99,0.164997,56.78000000000001,2.7600000000000087,302.1408999999999,-14.719999999999994,-0.162557,2.1100000000000065,4.500000000000039
2023-07-31,45.0,45.0,0.0,中性,0.0,0.0,0.0,0.0,0.0,0.0,0.0,1.0,0.0,0.5,40.0,1.0,2.5,0.5,0.0,0.0,2.5,0.5,0.0,1.0,0.0,0.0,0.0,1.0,0.0,1.0,0.0,0.0,0.0,0.0,2023-07-30,2023-07-28,2023-07-28,2023-07-30,2651.6263,0.736230269087051,956.0971,10.509999999999994,18.91999999999996,-0.452845,54.25,-5.070000000000043,434.433,31.749999999999996,-0.617842,-2.530000000000008,-7.830000000000052
2023-08-07,55.0,55.0,0.0,中性,0.0,0.5,7.5,0.5,15.0,0.5,0.0,1.0,0.0,0.5,20.0,0.5,2.5,0.5,5.0,1.0,5.0,1.0,0.0,0.5,0.0,1.0,0.0,0.0,0.0,0.0,0.0,0.5,0.0,0.5,2023-08-06,2023-08-04,2023-08-04,2023-08-06,1522.8721,0.3212016075096705,629.53,11.889999999999995,18.67000000000001,0.063573,56.86,-0.2499999999999502,-1128.7542,1.3800000000000008,0.516418,2.6099999999999994,4.820000000000093
2023-08-14,32.5,32.5,0.0,中性,0.0,0.5,7.5,0.5,15.0,0.5,0.0,0.5,0.0,0.5,0.0,0.0,2.5,0.5,5.0,1.0,2.5,0.5,0.0,0.0,0.0,0.0,0.0,0.5,0.0,0.0,0.0,0.25,0.0,0.5,2023-08-13,2023-08-11,2023-08-11,2023-08-13,1918.8838,0.4654565905973821,427.9608,-6.020000000000005,20.730000000000004,0.052848,57.54000000000001,2.059999999999995,396.0117,-17.91,-0.010725,0.6800000000000139,2.309999999999945
2023-08-21,27.5,27.5,0.0,看空,0.0,0.0,0.0,0.0,0.0,0.0,0.0,0.5,0.0,0.5,20.0,0.5,2.5,0.5,5.0,1.0,0.0,0.0,0.0,0.5,0.0,1.0,0.0,0.5,0.0,1.0,0.0,0.0,0.0,0.0,2023-08-20,2023-08-18,2023-08-18,2023-08-20,4500.5188,0.6120890683321114,1439.2387,-10.350000000000003,20.720000000000027,0.1771589999999999,55.86000000000002,-0.0099999999999766,2581.635,-4.329999999999998,0.1243109999999999,-1.6799999999999926,-2.069999999999972
2023-08-28,32.5,32.5,0.0,中性,0.0,0.0,0.0,0.0,0.0,0.0,0.0,0.0,0.0,0.5,20.0,0.5,2.5,0.5,5.0,1.0,5.0,1.0,0.0,0.0,0.0,1.0,0.0,1.0,0.0,0.5,0.0,0.0,0.0,0.0,2023-08-27,2023-08-25,2023-08-25,2023-08-27,2650.4207,0.7359375426481,1440.4998,-44.82000000000001,18.76000000000002,0.332001,50.280000000000015,-1.960000000000008,-1850.0981,-34.470000000000006,0.1548420000000001,-5.580000000000005,-1.9500000000000317
2023-09-04,55.0,55.0,0.0,中性,0.0,0.5,7.5,0.5,15.0,0.5,0.0,1.0,0.0,0.5,20.0,0.5,2.5,0.5,5.0,1.0,5.0,1.0,0.0,1.0,0.0,0.0,0.0,0.5,0.0,0.0,0.0,0.5,0.0,0.5,2023-09-03,2023-09-01,2023-09-01,2023-09-03,1514.1124,0.3888209287436079,803.1129999999999,13.579999999999997,19.83999999999999,0.0488419999999999,49.33999999999998,1.07999999999997,-1136.3083,58.400000000000006,-0.2831590000000001,-0.9400000000000333,3.039999999999978
2023-09-11,45.0,45.0,0.0,中性,0.0,0.0,7.5,0.5,15.0,0.5,0.0,1.0,0.0,0.5,20.0,0.5,2.5,0.5,0.0,0.0,0.0,0.0,0.0,0.5,0.0,0.0,0.0,1.0,0.0,0.5,0.0,0.0,0.0,0.0,2023-09-10,2023-09-08,2023-09-08,2023-09-10,2467.5184,0.4934130498909959,464.152,29.03,20.73999999999998,-0.846372,41.990000000000016,0.8999999999999915,953.406,15.450000000000005,-0.895214,-7.349999999999966,-0.1799999999999786
2023-09-18,55.0,55.0,0.0,中性,0.0,0.5,15.0,1.0,15.0,0.5,0.0,1.0,0.0,0.5,20.0,0.5,2.5,0.5,0.0,0.0,2.5,0.5,0.0,0.5,0.0,1.0,0.0,0.5,0.0,0.5,0.0,0.5,0.0,0.0,2023-09-17,2023-09-15,2023-09-15,2023-09-17,1690.4386,0.2210116974280886,536.0984,22.64,21.19,-0.053635,41.19000000000001,0.450000000000017,-777.0798,-6.390000000000004,0.792737,-0.8000000000000043,-0.4499999999999745
2023-09-25,30.0,30.0,0.0,中性,0.0,0.5,0.0,0.0,0.0,0.0,0.0,1.0,0.0,0.5,20.0,0.5,2.5,0.5,5.0,1.0,2.5,0.5,0.0,0.5,0.0,1.0,0.0,0.0,0.0,1.0,0.0,0.5,0.0,0.5,2023-09-24,2023-09-22,2023-09-22,2023-09-24,2028.9971,1.0,1120.727,17.049999999999997,19.499999999999982,0.19734,43.25999999999999,-1.690000000000012,338.5585000000001,-5.59,0.250975,2.069999999999979,-2.140000000000029
2023-10-16,25.0,25.0,0.0,看空,0.0,0.0,7.5,0.5,15.0,0.5,0.0,0.5,0.0,1.0,0.0,0.0,2.5,0.5,0.0,0.0,0.0,0.0,0.0,0.0,0.0,0.0,0.0,0.5,0.0,0.0,0.0,0.0,0.0,0.0,2023-10-15,2023-10-13,2023-10-13,2023-10-15,6421.4154,0.6043164431743923,376.1715,-3.660000000000004,23.47999999999999,-0.146731,41.49999999999996,3.6399999999999535,4392.418299999999,-20.71,-0.344071,-1.7600000000000335,5.329999999999965
2023-10-23,30.0,30.0,0.0,中性,0.0,0.0,7.5,0.5,15.0,0.5,0.0,0.5,0.0,1.0,0.0,0.0,2.5,0.5,0.0,0.0,5.0,1.0,0.0,0.5,0.0,0.0,0.0,0.5,0.0,0.5,0.0,0.0,0.0,0.0,2023-10-22,2023-10-20,2023-10-20,2023-10-22,3561.6468,0.462116614716425,923.9916,1.519999999999996,25.87000000000001,-0.190403,41.39000000000004,2.390000000000025,-2859.7686,5.18,-0.0436719999999999,-0.1099999999999141,-1.2499999999999285
2023-10-30,40.0,40.0,0.0,中性,0.0,0.5,0.0,0.0,15.0,0.5,0.0,1.0,0.0,1.0,20.0,0.5,0.0,0.0,0.0,0.0,5.0,1.0,0.0,1.0,0.0,1.0,0.0,1.0,0.0,1.0,0.0,0.5,0.0,0.0,2023-10-29,2023-10-27,2023-10-27,2023-10-29,2161.8251,0.7298962724031206,402.8512,16.589999999999996,25.44,-0.103995,38.76999999999997,-0.4300000000000175,-1399.8217,15.07,0.0864079999999999,-2.620000000000076,-2.8200000000000425
2023-11-06,32.5,32.5,0.0,中性,0.0,0.5,15.0,1.0,15.0,0.5,0.0,0.5,0.0,1.0,0.0,0.0,0.0,0.0,0.0,0.0,2.5,0.5,0.0,0.0,0.0,1.0,0.0,0.5,0.0,0.0,0.0,0.25,0.0,0.0,2023-11-05,2023-11-03,2023-11-03,2023-11-05,1131.2383,0.2581534488185555,208.94,-16.400000000000002,28.50999999999999,-0.025885,38.64000000000001,3.069999999999993,-1030.5868,-32.989999999999995,0.07811,-0.1299999999999599,3.5000000000000107
2023-11-13,72.5,72.5,1.0,看多,0.0,0.5,15.0,1.0,30.0,1.0,0.0,0.0,0.0,1.0,20.0,0.5,0.0,0.0,5.0,1.0,2.5,0.5,0.0,0.0,0.0,1.0,0.0,0.5,0.0,0.5,0.0,0.0,0.0,0.5,2023-11-12,2023-11-10,2023-11-10,2023-11-12,1653.0019,0.297596783610786,123.6962,-87.08,30.24999999999998,0.272113,37.18999999999997,1.7399999999999878,521.7636,-70.67999999999999,0.297998,-1.4500000000000384,-1.3300000000000054
2023-11-20,70.0,70.0,1.0,看多,0.0,0.5,7.5,0.5,15.0,0.5,0.0,0.5,0.0,1.0,40.0,1.0,0.0,0.0,5.0,1.0,2.5,0.5,0.0,1.0,0.0,0.0,0.0,0.5,0.0,1.0,0.0,0.25,0.0,0.5,2023-11-19,2023-11-17,2023-11-17,2023-11-19,2017.8782,0.3217855833972345,591.5242,-10.02,28.200000000000003,0.196007,37.19000000000001,-2.049999999999976,364.8763000000001,77.06,-0.076106,4.263256414560601e-14,-3.789999999999964
2023-11-27,87.5,87.5,1.0,看多,0.0,1.0,7.5,0.5,30.0,1.0,0.0,1.0,0.0,1.0,40.0,1.0,0.0,0.0,5.0,1.0,5.0,1.0,0.0,1.0,0.0,1.0,0.0,1.0,0.0,1.0,0.0,1.0,0.0,1.0,2023-11-26,2023-11-24,2023-11-24,2023-11-26,698.3842,0.4060174496108969,164.7865,16.27,22.910000000000032,0.282282,31.69,-5.289999999999971,-1319.494,26.29,0.0862749999999999,-5.500000000000011,-3.239999999999995
2023-12-04,25.0,25.0,0.0,看空,0.0,0.5,7.5,0.5,15.0,0.5,0.0,0.5,0.0,1.0,0.0,0.0,0.0,0.0,0.0,0.0,2.5,0.5,0.0,0.0,0.0,0.0,0.0,0.5,0.0,0.0,0.0,0.25,0.0,0.0,2023-12-03,2023-12-01,2023-12-01,2023-12-03,1286.4211,0.3875905157698455,283.1,-12.41,26.529999999999987,-0.081773,29.78000000000001,3.619999999999955,588.0369000000001,-28.68,-0.3640549999999999,-1.909999999999993,8.909999999999926
2023-12-11,72.5,72.5,1.0,看多,0.0,1.0,15.0,1.0,30.0,1.0,0.0,1.0,0.0,1.0,20.0,0.5,0.0,0.0,5.0,1.0,2.5,0.5,0.0,1.0,0.0,1.0,0.0,1.0,0.0,1.0,0.0,1.0,0.0,1.0,2023-12-10,2023-12-08,2023-12-08,2023-12-10,311.9249,0.0890520691476512,52.80159999999999,4.250000000000001,25.33999999999996,0.208074,25.699999999999967,-1.190000000000026,-974.4962,16.66,0.289847,-4.080000000000041,-4.809999999999981
2023-12-18,72.5,72.5,1.0,看多,0.0,1.0,15.0,1.0,30.0,1.0,0.0,0.0,0.0,1.0,20.0,0.5,0.0,0.0,5.0,1.0,2.5,0.5,0.0,0.0,0.0,0.0,0.0,0.0,0.0,0.5,0.0,0.0,0.0,1.0,2023-12-17,2023-12-15,2023-12-15,2023-12-17,287.5753,0.0602797889011645,23.0509,-98.49,25.51000000000001,0.199084,27.780000000000005,0.1700000000000514,-24.349599999999956,-102.74,-0.0089899999999999,2.0800000000000374,1.3600000000000774
2024-01-08,67.5,67.5,0.0,中性,0.0,1.0,15.0,1.0,30.0,1.0,0.0,0.0,0.0,1.0,20.0,0.5,0.0,0.0,0.0,0.0,2.5,0.5,0.0,1.0,0.0,0.0,0.0,0.0,0.0,1.0,0.0,0.0,0.0,0.0,2024-01-07,2024-01-05,2024-01-05,2024-01-07,0.0,0.0,0.0,-66.49,23.599999999999977,-0.142667,31.84999999999998,-1.910000000000036,-287.5753,32.0,-0.341751,4.069999999999975,-2.080000000000087
2024-01-15,87.5,87.5,1.0,看多,0.0,1.0,15.0,1.0,30.0,1.0,0.0,0.0,0.0,0.5,40.0,1.0,0.0,0.0,0.0,0.0,2.5,0.5,0.0,1.0,0.0,0.0,0.0,1.0,0.0,0.5,0.0,0.0,0.0,0.0,2024-01-14,2024-01-12,2024-01-12,2024-01-14,257.82,0.0889703294200467,0.0,-47.55,19.76,-0.146368,27.72999999999999,-3.8399999999999785,257.82,18.94,-0.003701,-4.11999999999999,-1.9299999999999429
2024-01-22,55.0,55.0,0.0,中性,0.0,0.5,0.0,0.0,30.0,1.0,0.0,0.0,0.0,0.5,20.0,0.5,0.0,0.0,5.0,1.0,0.0,0.0,0.0,1.0,0.0,1.0,0.0,0.5,0.0,0.0,0.0,0.0,0.0,0.5,2024-01-21,2024-01-19,2024-01-19,2024-01-21,1889.372,0.6135575695304107,0.0,-26.7,20.90000000000001,0.025446,28.670000000000016,1.1400000000000077,1631.552,20.85,0.171814,0.940000000000026,4.979999999999986
2024-01-29,57.5,57.5,0.0,中性,0.0,0.0,0.0,0.0,15.0,0.5,0.0,0.0,0.0,0.5,40.0,1.0,0.0,0.0,0.0,0.0,2.5,0.5,0.0,0.5,0.0,0.0,0.0,0.5,0.0,1.0,0.0,0.0,0.0,0.0,2024-01-28,2024-01-26,2024-01-26,2024-01-28,2644.4407,0.7722255783258271,564.6591,-41.32,17.769999999999975,-0.019488,27.70999999999999,-3.130000000000031,755.0687,-14.62,-0.044934,-0.9600000000000256,-4.270000000000039
2024-02-05,35.0,35.0,0.0,中性,0.0,0.5,7.5,0.5,0.0,0.0,0.0,0.0,0.0,0.5,20.0,0.5,0.0,0.0,5.0,1.0,2.5,0.5,0.0,0.5,0.0,1.0,0.0,0.5,0.0,0.0,0.0,0.0,0.0,0.5,2024-02-04,2024-02-04,2024-02-04,2024-02-04,1788.4737,0.4269989089342974,1191.4656,-48.190000000000005,19.459999999999987,0.100145,27.48999999999997,1.690000000000012,-855.9670000000001,-6.8700000000000045,0.1196329999999999,-0.2200000000000201,4.820000000000043
2024-02-26,7.5,7.5,0.0,看空,0.0,0.5,0.0,0.0,0.0,0.0,0.0,1.0,0.0,0.5,0.0,0.0,0.0,0.0,5.0,1.0,2.5,0.5,0.0,1.0,0.0,1.0,0.0,0.0,0.0,0.5,0.0,0.5,0.0,0.5,2024-02-25,2024-02-23,2024-02-23,2024-02-25,2106.0678,0.7505405963462465,1198.8445,2.4199999999999986,16.590000000000018,0.185838,33.43000000000003,2.2499999999999982,317.5940999999998,50.61000000000001,0.085693,5.940000000000058,0.5599999999999863
2024-03-04,75.0,75.0,1.0,看多,0.0,1.0,15.0,1.0,30.0,1.0,0.0,0.0,0.0,0.0,20.0,0.5,0.0,0.0,5.0,1.0,5.0,1.0,0.0,0.0,0.0,1.0,0.0,1.0,0.0,1.0,0.0,0.0,0.0,1.0,2024-03-03,2024-03-01,2024-03-01,2024-03-03,578.777,0.2121012453564362,0.0,-51.580000000000005,16.26999999999996,0.486864,28.519999999999968,-0.3200000000000571,-1527.2907999999998,-54.00000000000001,0.301026,-4.9100000000000605,-2.570000000000056
2024-03-11,47.5,47.5,0.0,中性,0.0,0.5,7.5,0.5,15.0,0.5,0.0,0.0,0.0,0.5,20.0,0.5,0.0,0.0,5.0,1.0,0.0,0.0,0.0,1.0,0.0,0.0,0.0,1.0,0.0,0.5,0.0,0.0,0.0,0.5,2024-03-10,2024-03-08,2024-03-08,2024-03-10,1585.3273,0.3769807168160252,364.714,-32.040000000000006,17.649999999999988,0.065093,22.6,1.3800000000000274,1006.5503,19.54,-0.421771,-5.919999999999966,1.7000000000000846
2024-03-18,32.5,32.5,0.0,中性,0.0,0.5,15.0,1.0,15.0,0.5,0.0,1.0,0.0,0.5,0.0,0.0,0.0,0.0,0.0,0.0,2.5,0.5,0.0,1.0,0.0,0.0,0.0,0.0,0.0,0.5,0.0,0.5,0.0,0.0,2024-03-17,2024-03-15,2024-03-15,2024-03-17,1657.7425,0.3076877746106091,237.9361,11.279999999999994,19.85000000000001,-0.053571,24.849999999999994,2.200000000000024,72.41520000000014,43.32,-0.1186639999999999,2.249999999999993,0.8199999999999967
2024-03-25,25.0,25.0,0.0,看空,0.0,0.0,0.0,0.0,0.0,0.0,0.0,0.0,0.0,0.5,20.0,0.5,0.0,0.0,5.0,1.0,0.0,0.0,0.0,0.0,0.0,1.0,0.0,0.5,0.0,1.0,0.0,0.0,0.0,0.0,2024-03-24,2024-03-22,2024-03-22,2024-03-24,2472.6529,1.0,1410.223,-60.23000000000001,19.41000000000001,0.0505569999999999,25.42,-0.4399999999999942,814.9104,-71.51,0.1041279999999999,0.5700000000000074,-2.6400000000000183
2024-04-01,70.0,70.0,1.0,看多,0.0,1.0,15.0,1.0,30.0,1.0,0.0,1.0,0.0,0.5,20.0,0.5,0.0,0.0,0.0,0.0,5.0,1.0,0.0,1.0,0.0,0.0,0.0,0.5,0.0,0.5,0.0,1.0,0.0,0.0,2024-03-31,2024-03-29,2024-03-29,2024-03-31,194.0,0.0587985694368673,0.0,37.75999999999999,19.45000000000001,-0.0350059999999999,25.46,0.039999999999992,-2278.6529,97.99,-0.0855629999999998,0.0399999999999955,0.4799999999999861
2024-04-08,72.5,72.5,1.0,看多,0.0,1.0,15.0,1.0,30.0,1.0,0.0,1.0,0.0,0.5,20.0,0.5,0.0,0.0,5.0,1.0,2.5,0.5,0.0,0.0,0.0,1.0,0.0,0.0,0.0,0.5,0.0,1.0,0.0,1.0,2024-04-07,2024-04-07,2024-04-07,2024-04-07,751.2174,0.1544978120926453,94.6275,18.509999999999994,17.85000000000001,0.0064559999999999,29.219999999999978,-1.6000000000000014,557.2174,-19.25,0.0414619999999998,3.75999999999998,-1.6399999999999937
2024-04-15,52.5,52.5,0.0,中性,0.0,1.0,7.5,0.5,15.0,0.5,0.0,0.0,0.0,0.0,20.0,0.5,2.5,0.5,5.0,1.0,2.5,0.5,0.0,0.0,0.0,1.0,0.0,0.0,0.0,0.5,0.0,0.0,0.0,1.0,2024-04-14,2024-04-12,2024-04-12,2024-04-14,748.7027,0.3187728698059572,277.708,-60.120000000000005,16.789999999999992,0.511683,36.91,-1.0600000000000165,-2.514699999999948,-78.63,0.5052270000000001,7.690000000000019,0.5399999999999849
2024-04-22,67.5,67.5,0.0,中性,0.0,1.0,7.5,0.5,30.0,1.0,0.0,0.0,0.0,0.0,20.0,0.5,2.5,0.5,5.0,1.0,2.5,0.5,0.0,0.0,0.0,1.0,0.0,0.5,0.0,0.5,0.0,0.0,0.0,1.0,2024-04-21,2024-04-19,2024-04-19,2024-04-21,724.7691,0.2924969281064928,62.967,-96.42,16.67000000000001,1.311006,38.07000000000001,-0.1199999999999832,-23.93360000000007,-36.3,0.7993229999999999,1.1600000000000108,0.9400000000000333
2024-04-29,62.5,62.5,0.0,中性,0.0,0.5,0.0,0.0,15.0,0.5,0.0,1.0,0.0,0.0,40.0,1.0,0.0,0.0,5.0,1.0,2.5,0.5,0.0,1.0,0.0,0.0,0.0,1.0,0.0,1.0,0.0,0.5,0.0,0.5,2024-04-28,2024-04-28,2024-04-28,2024-04-28,1020.4125,0.7846837061317082,471.9987,7.619999999999994,11.89,0.0281649999999999,27.829999999999977,-4.780000000000008,295.64340000000004,104.04,-1.282841,-10.24000000000003,-4.660000000000025
2024-05-06,25.0,25.0,0.0,看空,0.0,0.5,7.5,0.5,15.0,0.5,0.0,1.0,0.0,0.0,0.0,0.0,2.5,0.5,0.0,0.0,0.0,0.0,0.0,1.0,0.0,0.0,0.0,0.0,0.0,0.0,0.0,0.5,0.0,0.0,2024-05-05,2024-04-30,2024-04-30,2024-05-05,1695.0027,0.4333158294468545,713.7810999999999,62.19,16.510000000000026,-0.256608,36.79000000000001,4.620000000000026,674.5902,54.57000000000001,-0.2847729999999999,8.960000000000036,9.400000000000034
2024-05-13,80.0,80.0,1.0,看多,0.0,0.5,15.0,1.0,15.0,0.5,0.0,1.0,0.0,0.0,40.0,1.0,2.5,0.5,5.0,1.0,2.5,0.5,0.0,0.0,0.0,1.0,0.0,0.5,0.0,1.0,0.0,0.5,0.0,0.5,2024-05-12,2024-05-11,2024-05-11,2024-05-12,1088.181,0.2656769080937654,374.4923,15.199999999999992,12.919999999999998,0.049258,36.28,-3.5900000000000283,-606.8217,-46.99000000000001,0.305866,-0.5100000000000122,-8.210000000000054
2024-05-20,35.0,35.0,0.0,中性,0.0,0.5,15.0,1.0,15.0,0.5,0.0,0.5,0.0,0.0,0.0,0.0,2.5,0.5,0.0,0.0,2.5,0.5,0.0,0.5,0.0,0.0,0.0,0.5,0.0,0.0,0.0,0.25,0.0,0.0,2024-05-19,2024-05-17,2024-05-17,2024-05-19,1153.9669,0.2044819910610455,679.57,-0.8600000000000065,15.300000000000002,-0.110494,37.07000000000002,2.3800000000000043,65.78589999999986,-16.06,-0.159752,0.7900000000000205,5.970000000000033
2024-05-27,27.5,27.5,0.0,看空,0.0,0.0,0.0,0.0,0.0,0.0,0.0,0.5,0.0,0.0,20.0,0.5,2.5,0.5,5.0,1.0,0.0,0.0,0.0,0.5,0.0,1.0,0.0,0.5,0.0,1.0,0.0,0.0,0.0,0.0,2024-05-26,2024-05-24,2024-05-24,2024-05-26,5098.7953,1.0,1885.3943,-8.010000000000007,14.19999999999999,0.0305909999999999,36.54000000000002,-1.100000000000012,3944.8284,-7.15,0.1410849999999999,-0.5300000000000011,-3.4800000000000164
2024-06-03,72.5,72.5,1.0,看多,0.0,1.0,15.0,1.0,30.0,1.0,0.0,0.0,0.0,0.0,20.0,0.5,2.5,0.5,0.0,0.0,5.0,1.0,0.0,0.0,0.0,0.0,0.0,0.5,0.0,0.5,0.0,0.0,0.0,0.0,2024-06-02,2024-05-31,2024-05-31,2024-06-02,426.4377,0.1277318809369743,0.0,-53.89000000000001,14.839999999999964,-0.0389099999999999,37.35,0.6399999999999739,-4672.357599999999,-45.88,-0.0695009999999998,0.809999999999981,1.739999999999986
2024-06-10,80.0,80.0,1.0,看多,0.0,1.0,15.0,1.0,15.0,0.5,0.0,0.5,0.0,0.0,40.0,1.0,2.5,0.5,5.0,1.0,2.5,0.5,0.0,1.0,0.0,1.0,0.0,0.5,0.0,1.0,0.0,0.5,0.0,1.0,2024-06-09,2024-06-07,2024-06-07,2024-06-09,530.5017,0.0891659184513141,145.66,-14.310000000000004,10.840000000000003,0.413012,35.42000000000001,-3.999999999999959,104.06400000000002,39.580000000000005,0.4519219999999999,-1.9299999999999928,-4.639999999999933
2024-06-17,22.5,22.5,0.0,看空,0.0,0.0,0.0,0.0,0.0,0.0,0.0,0.5,0.0,0.0,20.0,0.5,2.5,0.5,0.0,0.0,0.0,0.0,0.0,0.5,0.0,0.0,0.0,0.5,0.0,0.0,0.0,0.0,0.0,0.0,2024-06-16,2024-06-14,2024-06-14,2024-06-16,3623.7838,0.7004126844264347,828.41,3.789999999999994,12.53000000000002,-0.004603,34.609999999999985,1.6900000000000135,3093.2821000000004,18.1,-0.417615,-0.8100000000000236,5.689999999999973
2024-06-24,60.0,60.0,0.0,中性,0.0,0.5,7.5,0.5,0.0,0.0,0.0,0.5,0.0,0.0,40.0,1.0,2.5,0.5,5.0,1.0,5.0,1.0,0.0,0.5,0.0,1.0,0.0,0.5,0.0,1.0,0.0,0.25,0.0,0.5,2024-06-23,2024-06-21,2024-06-21,2024-06-23,2133.6272,0.4209311376801324,918.292,-13.030000000000005,10.27,0.13644,33.72999999999999,-2.2600000000000176,-1490.1566000000005,-16.82,0.141043,-0.8799999999999955,-3.9500000000000313
2024-07-01,55.0,55.0,0.0,中性,0.0,0.5,7.5,0.5,15.0,0.5,0.0,0.0,0.0,0.0,20.0,0.5,2.5,0.5,5.0,1.0,5.0,1.0,0.0,0.0,0.0,1.0,0.0,0.0,0.0,0.0,0.0,0.0,0.0,0.5,2024-06-30,2024-06-28,2024-06-28,2024-06-30,819.6754,0.299898572188232,204.3676,-47.25000000000001,11.859999999999982,0.1619309999999999,36.93999999999997,1.5899999999999803,-1313.9517999999998,-34.22,0.0254909999999999,3.2099999999999795,3.849999999999998
2024-07-08,65.0,65.0,0.0,中性,0.0,0.5,7.5,0.5,15.0,0.5,0.0,0.5,0.0,0.0,40.0,1.0,2.5,0.5,0.0,0.0,0.0,0.0,0.0,1.0,0.0,0.0,0.0,0.5,0.0,1.0,0.0,0.25,0.0,0.0,2024-07-07,2024-07-05,2024-07-05,2024-07-07,1684.8121,0.2906746804520835,334.4828,-7.280000000000007,5.140000000000011,-0.4552589999999999,37.68,-6.71999999999997,865.1367000000001,39.97,-0.6171899999999998,0.7400000000000304,-8.30999999999995
2024-07-15,32.5,32.5,0.0,中性,0.0,0.5,7.5,0.5,15.0,0.5,0.0,0.5,0.0,0.0,0.0,0.0,2.5,0.5,5.0,1.0,2.5,0.5,0.0,0.5,0.0,1.0,0.0,0.5,0.0,0.0,0.0,0.25,0.0,0.5,2024-07-14,2024-07-12,2024-07-12,2024-07-14,1129.6963,0.5706412140084315,284.94,0.2499999999999925,7.939999999999969,0.04606,38.73,2.799999999999958,-555.1158,7.53,0.501319,1.0499999999999972,9.519999999999929
2024-07-22,65.0,65.0,0.0,中性,0.0,0.5,7.5,0.5,30.0,1.0,0.0,0.5,0.0,0.0,20.0,0.5,2.5,0.5,5.0,1.0,0.0,0.0,0.0,0.5,0.0,1.0,0.0,0.5,0.0,1.0,0.0,0.25,0.0,0.5,2024-07-21,2024-07-19,2024-07-19,2024-07-21,2127.6902,0.4109342424542898,162.0516,-0.550000000000006,8.709999999999996,0.0501999999999999,38.1,0.7700000000000262,997.9939,-0.7999999999999985,0.0041399999999999,-0.6299999999999955,-2.029999999999932
2024-07-29,60.0,60.0,0.0,中性,0.0,0.5,0.0,0.0,30.0,1.0,0.0,0.0,0.0,0.0,20.0,0.5,2.5,0.5,5.0,1.0,2.5,0.5,0.0,0.0,0.0,1.0,0.0,0.5,0.0,0.5,0.0,0.0,0.0,0.5,2024-07-28,2024-07-26,2024-07-26,2024-07-28,2010.2615,0.7309346765753002,141.5412,-62.34000000000001,8.89000000000002,0.495231,38.080000000000005,0.1800000000000245,-117.42869999999994,-61.790000000000006,0.445031,-0.019999999999996,-0.5900000000000017
2024-08-05,37.5,37.5,0.0,中性,0.0,0.0,7.5,0.5,0.0,0.0,0.0,0.0,0.0,0.0,20.0,0.5,2.5,0.5,5.0,1.0,2.5,0.5,0.0,0.0,0.0,0.0,0.0,0.5,0.0,0.5,0.0,0.0,0.0,0.0,2024-08-04,2024-08-02,2024-08-02,2024-08-04,2484.5041,0.3738680240679419,1086.2606,-268.01,9.799999999999986,0.184234,38.06999999999998,0.9099999999999664,474.2426,-205.67,-0.3109969999999999,-0.0100000000000264,0.7299999999999419
2024-08-12,57.5,57.5,0.0,中性,0.0,0.5,7.5,0.5,0.0,0.0,0.0,0.5,0.0,0.0,40.0,1.0,2.5,0.5,5.0,1.0,2.5,0.5,0.0,1.0,0.0,1.0,0.0,0.5,0.0,1.0,0.0,0.25,0.0,0.5,2024-08-11,2024-08-09,2024-08-09,2024-08-11,2128.8162,0.329833419587029,906.9169,-15.669999999999998,6.6600000000000215,0.4873159999999999,37.52000000000002,-3.139999999999965,-355.6878999999999,252.34,0.3030819999999999,-0.5499999999999616,-4.049999999999931
2024-08-19,47.5,47.5,0.0,中性,0.0,0.5,7.5,0.5,15.0,0.5,0.0,1.0,0.0,0.0,20.0,0.5,2.5,0.5,0.0,0.0,2.5,0.5,0.0,1.0,0.0,0.0,0.0,1.0,0.0,0.0,0.0,0.5,0.0,0.0,2024-08-18,2024-08-16,2024-08-16,2024-08-18,1956.6993,0.4196134746690897,559.0918,103.81,6.230000000000002,-0.4967979999999999,32.84,-0.4300000000000192,-172.1169000000002,119.48,-0.9841139999999998,-4.680000000000014,2.709999999999946
2024-08-26,7.5,7.5,0.0,看空,0.0,0.0,7.5,0.5,0.0,0.0,0.0,1.0,0.0,0.0,0.0,0.0,0.0,0.0,0.0,0.0,0.0,0.0,0.0,0.0,0.0,1.0,0.0,1.0,0.0,0.0,0.0,0.0,0.0,0.0,2024-08-25,2024-08-23,2024-08-23,2024-08-25,4762.3744,0.5435027291232841,2174.187,41.870000000000005,8.590000000000009,-0.324713,28.310000000000013,2.3600000000000065,2805.6750999999995,-61.94,0.1720849999999999,-4.529999999999991,2.790000000000026
2024-09-02,57.5,57.5,0.0,中性,0.0,1.0,15.0,1.0,15.0,0.5,0.0,1.0,0.0,0.0,20.0,0.5,2.5,0.5,0.0,0.0,5.0,1.0,0.0,1.0,0.0,0.0,0.0,0.5,0.0,0.5,0.0,1.0,0.0,0.0,2024-09-01,2024-08-30,2024-08-30,2024-09-01,306.8053,0.082275372469972,168.8131,115.68,9.850000000000003,-1.587177,29.89,1.2599999999999945,-4455.5691,73.81,-1.262464,1.579999999999984,-1.100000000000012
2024-09-09,42.5,42.5,0.0,中性,0.0,0.0,7.5,0.5,15.0,0.5,0.0,0.5,0.0,0.0,20.0,0.5,0.0,0.0,0.0,0.0,0.0,0.0,0.0,0.0,0.0,1.0,0.0,1.0,0.0,1.0,0.0,0.0,0.0,0.0,2024-09-08,2024-09-06,2024-09-06,2024-09-08,2802.7542,0.3590579747185132,614.3956000000001,-32.81000000000001,7.950000000000035,-0.06935,25.33000000000001,-1.8999999999999684,2495.9489,-148.49,1.517827,-4.559999999999988,-3.159999999999963
2024-09-16,7.5,7.5,0.0,看空,0.0,0.0,0.0,0.0,0.0,0.0,0.0,0.0,0.0,0.5,0.0,0.0,0.0,0.0,5.0,1.0,2.5,0.5,0.0,0.5,0.0,1.0,0.0,1.0,0.0,0.0,0.0,0.0,0.0,0.0,2024-09-15,2024-09-14,2024-09-14,2024-09-15,2389.8944,0.6143854187918315,940.7081,-50.24000000000001,10.530000000000015,0.0249579999999999,22.530000000000005,2.5799999999999823,-412.8597999999997,-17.43,0.0943079999999998,-2.8000000000000043,4.479999999999951
2024-09-23,25.0,25.0,0.0,看空,0.0,0.0,0.0,0.0,0.0,0.0,0.0,0.0,0.0,0.5,20.0,0.5,0.0,0.0,5.0,1.0,0.0,0.0,0.0,0.0,0.0,1.0,0.0,1.0,0.0,1.0,0.0,0.0,0.0,0.0,2024-09-22,2024-09-20,2024-09-20,2024-09-22,6133.4676,0.6243688939331362,3239.9691,-126.27,10.210000000000008,0.229083,20.520000000000003,-0.3200000000000091,3743.5732,-76.02999999999999,0.2041250000000001,-2.0100000000000016,-2.8999999999999915
2024-09-30,50.0,50.0,0.0,中性,0.0,0.5,0.0,0.0,0.0,0.0,0.0,1.0,0.0,0.0,40.0,1.0,5.0,1.0,0.0,0.0,5.0,1.0,0.0,1.0,0.0,0.0,0.0,0.0,0.0,0.5,0.0,0.5,0.0,0.0,2024-09-29,2024-09-29,2024-09-29,2024-09-29,1210.3094,1.0,787.6112,12.359999999999982,8.179999999999987,-0.690986,38.01999999999999,-2.0300000000000207,-4923.1582,138.62999999999997,-0.920069,17.499999999999986,-1.7100000000000115
2024-10-07,52.5,52.5,0.0,中性,0.0,1.0,15.0,1.0,30.0,1.0,0.0,1.0,0.0,0.5,0.0,0.0,5.0,1.0,0.0,0.0,2.5,0.5,0.0,1.0,0.0,0.0,0.0,0.5,0.0,0.0,0.0,1.0,0.0,0.0,2024-10-06,2024-09-30,2024-09-30,2024-10-06,296.8353,0.0792229378216864,32.1592,78.90999999999998,15.539999999999976,-0.713753,39.72,7.359999999999989,-913.4741,66.55,-0.0227669999999999,1.70000000000001,9.39000000000001
2024-10-14,90.0,90.0,1.0,看多,0.0,1.0,15.0,1.0,30.0,1.0,0.0,1.0,0.0,0.0,40.0,1.0,2.5,0.5,0.0,0.0,2.5,0.5,0.0,1.0,0.0,0.0,0.0,1.0,0.0,1.0,0.0,1.0,0.0,0.0,2024-10-13,2024-10-12,2024-10-12,2024-10-13,551.3559,0.12982073063837,53.5,165.23000000000002,9.200000000000008,-1.311306,30.109999999999992,-6.339999999999968,254.5206,86.32000000000004,-0.5975530000000001,-9.610000000000008,-13.699999999999957
2024-10-21,35.0,35.0,0.0,中性,0.0,0.0,7.5,0.5,0.0,0.0,0.0,0.5,0.0,0.5,20.0,0.5,2.5,0.5,5.0,1.0,0.0,0.0,0.0,0.0,0.0,1.0,0.0,0.5,0.0,0.0,0.0,0.0,0.0,0.0,2024-10-20,2024-10-18,2024-10-18,2024-10-20,3807.2499,0.4951843910124066,2015.439,0.9299999999999872,9.87,1.212052,28.70999999999997,0.6699999999999928,3255.894,-164.30000000000004,2.523358,-1.4000000000000234,7.009999999999961
2024-10-28,27.5,27.5,0.0,看空,0.0,0.0,0.0,0.0,0.0,0.0,0.0,1.0,0.0,0.5,20.0,0.5,2.5,0.5,0.0,0.0,5.0,1.0,0.0,1.0,0.0,0.0,0.0,0.0,0.0,0.5,0.0,0.0,0.0,0.0,2024-10-27,2024-10-25,2024-10-25,2024-10-27,2505.9361,1.0,874.6524,99.89,11.260000000000003,-0.4301839999999999,31.650000000000023,1.3900000000000023,-1301.3138,98.96,-1.6422359999999998,2.9400000000000546,0.7200000000000095
2024-11-04,72.5,72.5,1.0,看多,0.0,1.0,15.0,1.0,30.0,1.0,0.0,1.0,0.0,0.5,20.0,0.5,2.5,0.5,0.0,0.0,5.0,1.0,0.0,0.0,0.0,1.0,0.0,0.0,0.0,0.5,0.0,1.0,0.0,0.0,2024-11-03,2024-11-01,2024-11-01,2024-11-03,117.221,0.0458233606218851,0.0,52.08999999999999,11.539999999999973,-0.1520149999999999,36.09999999999998,0.2799999999999691,-2388.7151,-47.80000000000001,0.278169,4.449999999999957,-1.1100000000000332
2024-11-11,70.0,70.0,1.0,看多,0.0,1.0,7.5,0.5,30.0,1.0,0.0,0.5,0.0,0.5,20.0,0.5,5.0,1.0,5.0,1.0,2.5,0.5,0.0,0.0,0.0,1.0,0.0,0.0,0.0,0.5,0.0,0.5,0.0,1.0,2024-11-10,2024-11-08,2024-11-08,2024-11-10,533.5515,0.1699722033869148,23.3257,-43.47000000000002,13.260000000000003,0.080191,38.68000000000001,1.7200000000000326,416.3305,-95.56,0.2322059999999999,2.5800000000000267,1.4400000000000637
2024-11-18,37.5,37.5,0.0,中性,0.0,0.0,7.5,0.5,0.0,0.0,0.0,1.0,0.0,0.5,20.0,0.5,5.0,1.0,5.0,1.0,0.0,0.0,0.0,1.0,0.0,1.0,0.0,0.5,0.0,0.5,0.0,0.0,0.0,0.0,2024-11-17,2024-11-15,2024-11-15,2024-11-17,2747.7398,0.4670135993029348,1814.9025,18.599999999999984,13.989999999999991,0.316714,37.72000000000002,0.7299999999999862,2214.1883,62.07000000000001,0.2365229999999999,-0.9599999999999866,-0.9900000000000464
2024-11-25,27.5,27.5,0.0,看空,0.0,0.0,0.0,0.0,0.0,0.0,0.0,0.5,0.0,0.5,20.0,0.5,2.5,0.5,5.0,1.0,0.0,0.0,0.0,0.5,0.0,0.0,0.0,1.0,0.0,0.5,0.0,0.0,0.0,0.0,2024-11-24,2024-11-22,2024-11-22,2024-11-24,9412.529,0.9398873376870744,5798.111,-3.360000000000017,13.739999999999997,0.280628,35.06,-0.2499999999999946,6664.789200000001,-21.96,-0.036086,-2.660000000000018,-0.9799999999999808
2024-12-02,32.5,32.5,0.0,中性,0.0,0.0,0.0,0.0,0.0,0.0,0.0,0.0,0.0,0.5,20.0,0.5,2.5,0.5,5.0,1.0,5.0,1.0,0.0,0.0,0.0,1.0,0.0,0.5,0.0,0.5,0.0,0.0,0.0,0.0,2024-12-01,2024-11-29,2024-11-29,2024-12-01,5486.7192,0.8445369164177513,4222.2267,-140.44000000000003,12.449999999999983,0.627715,35.009999999999984,-1.2900000000000134,-3925.809800000001,-137.08,0.347087,-0.0500000000000184,-1.040000000000019
2024-12-09,32.5,32.5,0.0,中性,0.0,0.0,0.0,0.0,0.0,0.0,0.0,0.0,0.0,0.5,20.0,0.5,2.5,0.5,5.0,1.0,5.0,1.0,0.0,1.0,0.0,0.0,0.0,1.0,0.0,0.5,0.0,0.0,0.0,0.0,2024-12-08,2024-12-06,2024-12-06,2024-12-08,4586.9865,0.61936198506438,3323.0959,-65.95,10.670000000000002,0.6228819999999999,31.559999999999988,-1.7799999999999816,-899.7326999999996,74.49000000000002,-0.004833,-3.449999999999996,-0.4899999999999682
2024-12-16,47.5,47.5,0.0,中性,0.0,1.0,7.5,0.5,30.0,1.0,0.0,0.0,0.0,0.5,0.0,0.0,0.0,0.0,5.0,1.0,5.0,1.0,0.0,0.5,0.0,0.0,0.0,1.0,0.0,0.0,0.0,0.0,0.0,1.0,2024-12-15,2024-12-13,2024-12-13,2024-12-15,357.7686,0.2614372006781887,69.3186,-92.20000000000002,12.740000000000018,0.16724,26.450000000000017,2.0700000000000163,-4229.2179,-26.25000000000001,-0.4556419999999999,-5.109999999999971,3.849999999999998
2024-12-23,52.5,52.5,0.0,中性,0.0,1.0,15.0,1.0,15.0,0.5,0.0,1.0,0.0,0.5,20.0,0.5,0.0,0.0,0.0,0.0,2.5,0.5,0.0,1.0,0.0,0.0,0.0,1.0,0.0,0.5,0.0,1.0,0.0,0.0,2024-12-22,2024-12-20,2024-12-20,2024-12-22,481.2226,0.2003989801287007,205.8402,65.77999999999997,13.080000000000002,-0.100235,20.76,0.3399999999999838,123.454,157.98,-0.267475,-5.690000000000016,-1.7300000000000324
2025-01-06,67.5,67.5,0.0,中性,0.0,1.0,15.0,1.0,30.0,1.0,0.0,0.5,0.0,0.5,20.0,0.5,0.0,0.0,0.0,0.0,2.5,0.5,0.0,0.0,0.0,1.0,0.0,0.5,0.0,0.5,0.0,0.5,0.0,0.0,2025-01-05,2025-01-03,2025-01-03,2025-01-05,0.0,0.0,0.0,-34.31000000000002,13.749999999999996,-0.019251,19.66000000000001,0.6699999999999946,-481.2226,-100.09,0.080984,-1.0999999999999908,0.3300000000000108
2025-01-13,42.5,42.5,0.0,中性,0.0,0.5,7.5,0.5,15.0,0.5,0.0,1.0,0.0,0.5,20.0,0.5,0.0,0.0,0.0,0.0,0.0,0.0,0.0,1.0,0.0,0.0,0.0,1.0,0.0,0.5,0.0,0.5,0.0,0.0,2025-01-12,2025-01-10,2025-01-10,2025-01-12,1051.5405,0.2902129954388774,816.2305,67.53999999999998,15.52,-0.290572,15.900000000000002,1.7700000000000031,1051.5405,101.85,-0.271321,-3.7600000000000087,1.1000000000000083
2025-01-20,47.5,47.5,0.0,中性,0.0,0.0,7.5,0.5,0.0,0.0,0.0,0.5,0.0,0.5,40.0,1.0,0.0,0.0,0.0,0.0,0.0,0.0,0.0,0.0,0.0,1.0,0.0,1.0,0.0,1.0,0.0,0.0,0.0,0.0,2025-01-19,2025-01-17,2025-01-17,2025-01-19,4455.5445,0.5207786015255955,2424.6593,-12.420000000000016,13.41000000000001,-0.2188169999999999,9.09000000000002,-2.1099999999999888,3404.004,-79.96,0.0717550000000001,-6.809999999999983,-3.879999999999992
2025-01-27,55.0,55.0,0.0,中性,0.0,1.0,0.0,0.0,30.0,1.0,0.0,0.5,0.0,0.5,20.0,0.5,0.0,0.0,0.0,0.0,5.0,1.0,0.0,0.5,0.0,1.0,0.0,0.5,0.0,0.0,0.0,0.5,0.0,0.0,2025-01-26,2025-01-26,2025-01-26,2025-01-26,68.57,1.0,0.0,-37.93000000000002,14.660000000000007,-0.152096,8.529999999999994,1.2499999999999964,-4386.9745,-25.510000000000005,0.0667209999999998,-0.5600000000000254,3.359999999999985
2025-02-03,47.5,47.5,0.0,中性,0.0,0.5,7.5,0.5,15.0,0.5,0.0,0.0,0.0,0.5,20.0,0.5,0.0,0.0,5.0,1.0,0.0,0.0,0.0,0.5,0.0,1.0,0.0,1.0,0.0,0.5,0.0,0.0,0.0,0.5,2025-02-02,2025-01-27,2025-01-27,2025-02-02,1400.5778,0.3398983996855975,1073.258,-50.00000000000002,14.030000000000008,0.008868,5.519999999999992,-0.629999999999999,1332.0078,-12.07,0.160964,-3.0100000000000025,-1.8799999999999957
2025-02-10,35.0,35.0,0.0,中性,0.0,0.5,7.5,0.5,0.0,0.0,0.0,0.5,0.0,0.5,20.0,0.5,0.0,0.0,5.0,1.0,2.5,0.5,0.0,0.5,0.0,1.0,0.0,0.0,0.0,0.5,0.0,0.25,0.0,0.5,2025-02-09,2025-02-08,2025-02-08,2025-02-09,1614.703,0.313516117401248,1091.54,-12.13000000000002,15.060000000000006,0.361941,7.840000000000002,1.0299999999999976,214.12519999999995,37.870000000000005,0.353073,2.32000000000001,1.6599999999999966
2025-02-17,45.0,45.0,0.0,中性,0.0,0.0,0.0,0.0,0.0,0.0,0.0,1.0,0.0,0.5,40.0,1.0,0.0,0.0,5.0,1.0,0.0,0.0,0.0,1.0,0.0,0.0,0.0,1.0,0.0,1.0,0.0,0.0,0.0,0.0,2025-02-16,2025-02-14,2025-02-14,2025-02-16,5274.977,0.7867255920490107,3167.7608,91.76999999999998,12.329999999999997,0.0446649999999999,-2.70999999999999,-2.7300000000000093,3660.274,103.9,-0.3172760000000001,-10.549999999999992,-3.760000000000007
2025-02-24,2.5,2.5,0.0,看空,0.0,0.0,0.0,0.0,0.0,0.0,0.0,1.0,0.0,0.5,0.0,0.0,0.0,0.0,0.0,0.0,2.5,0.5,0.0,0.0,0.0,0.0,0.0,1.0,0.0,0.0,0.0,0.0,0.0,0.0,2025-02-23,2025-02-21,2025-02-21,2025-02-23,4767.0439,0.6952039347451167,3008.276,25.599999999999987,14.779999999999994,-0.463642,-8.720000000000017,2.449999999999997,-507.9331000000002,-66.16999999999999,-0.5083069999999998,-6.010000000000026,5.180000000000007
2025-03-03,27.5,27.5,0.0,看空,0.0,0.5,7.5,0.5,15.0,0.5,0.0,0.0,0.0,1.0,0.0,0.0,0.0,0.0,0.0,0.0,5.0,1.0,0.0,0.0,0.0,1.0,0.0,0.0,0.0,0.0,0.0,0.0,0.0,0.0,2025-03-02,2025-02-28,2025-02-28,2025-03-02,2175.1965,0.3532541471335447,901.3948,-45.40000000000002,23.039999999999992,-0.156769,-4.190000000000005,8.259999999999998,-2591.8474,-71.0,0.306873,4.530000000000012,5.8100000000000005
2025-03-10,75.0,75.0,1.0,看多,0.0,0.5,15.0,1.0,15.0,0.5,0.0,0.5,0.0,1.0,40.0,1.0,0.0,0.0,0.0,0.0,5.0,1.0,0.0,0.5,0.0,0.0,0.0,0.5,0.0,1.0,0.0,0.25,0.0,0.0,2025-03-09,2025-03-07,2025-03-07,2025-03-09,867.0681,0.2197797604619179,370.33,-8.33000000000002,18.520000000000003,-0.202305,-3.9599999999999858,-4.519999999999989,-1308.1284,37.07,-0.045536,0.230000000000019,-12.779999999999989
2025-03-17,25.0,25.0,0.0,看空,0.0,0.5,7.5,0.5,15.0,0.5,0.0,0.0,0.0,1.0,0.0,0.0,0.0,0.0,0.0,0.0,2.5,0.5,0.0,0.5,0.0,0.0,0.0,0.0,0.0,0.0,0.0,0.0,0.0,0.0,2025-03-16,2025-03-14,2025-03-14,2025-03-16,1570.6694,0.4142749582776081,952.3535,-59.09000000000002,21.0,-0.256866,8.67,2.4799999999999933,703.6013,-50.76,-0.0545609999999999,12.629999999999985,6.999999999999982
2025-03-24,32.5,32.5,0.0,中性,0.0,0.0,7.5,0.5,0.0,0.0,0.0,0.0,0.0,1.0,20.0,0.5,0.0,0.0,5.0,1.0,0.0,0.0,0.0,0.0,0.0,1.0,0.0,0.0,0.0,1.0,0.0,0.0,0.0,0.0,2025-03-23,2025-03-21,2025-03-21,2025-03-23,3362.9119,0.4896485255070685,2124.728,-172.95000000000002,19.099999999999984,0.338096,10.68,-1.9000000000000128,1792.2425,-113.86,0.594962,2.01,-4.380000000000006
2025-03-31,37.5,37.5,0.0,中性,0.0,0.5,7.5,0.5,0.0,0.0,0.0,0.5,0.0,1.0,20.0,0.5,0.0,0.0,5.0,1.0,5.0,1.0,0.0,1.0,0.0,0.0,0.0,0.5,0.0,0.0,0.0,0.25,0.0,0.5,2025-03-30,2025-03-28,2025-03-28,2025-03-30,1877.3843,0.3305961629850952,1248.4207,-29.150000000000016,20.220000000000017,0.108322,11.980000000000013,1.120000000000033,-1485.5276,143.8,-0.229774,1.3000000000000131,3.0200000000000458
2025-04-07,50.0,50.0,0.0,中性,0.0,0.5,7.5,0.5,15.0,0.5,0.0,0.0,0.0,1.0,20.0,0.5,0.0,0.0,5.0,1.0,2.5,0.5,0.0,0.5,0.0,1.0,0.0,0.5,0.0,1.0,0.0,0.0,0.0,0.5,2025-04-06,2025-04-03,2025-04-03,2025-04-06,2019.4058,0.3816676594835712,985.6511,-77.72000000000001,18.930000000000003,0.46799,11.230000000000008,-1.2900000000000134,142.02150000000006,-48.56999999999999,0.359668,-0.7500000000000053,-2.4100000000000463
2025-04-14,30.0,30.0,0.0,中性,0.0,0.5,7.5,0.5,15.0,0.5,0.0,0.5,0.0,1.0,0.0,0.0,0.0,0.0,5.0,1.0,2.5,0.5,0.0,1.0,0.0,1.0,0.0,0.0,0.0,0.0,0.0,0.25,0.0,0.5,2025-04-13,2025-04-11,2025-04-11,2025-04-13,2006.1685,0.3156254432210222,1237.8328,-3.2200000000000166,23.709999999999987,0.512119,15.889999999999985,4.779999999999983,-13.237300000000005,74.5,0.0441289999999999,4.659999999999977,6.069999999999997
2025-04-21,50.0,50.0,0.0,中性,0.0,0.5,7.5,0.5,15.0,0.5,0.0,0.5,0.0,1.0,20.0,0.5,0.0,0.0,5.0,1.0,2.5,0.5,0.0,0.5,0.0,0.0,0.0,1.0,0.0,1.0,0.0,0.25,0.0,0.5,2025-04-20,2025-04-18,2025-04-18,2025-04-20,1911.2257,0.3695885290792858,669.3716000000001,12.139999999999988,22.48000000000001,0.0014289999999999,11.91000000000002,-1.2299999999999756,-94.94280000000003,15.360000000000005,-0.5106900000000001,-3.979999999999965,-6.009999999999959
2025-04-28,62.5,62.5,0.0,中性,0.0,0.5,0.0,0.0,15.0,0.5,0.0,0.5,0.0,1.0,40.0,1.0,0.0,0.0,5.0,1.0,2.5,0.5,0.0,0.5,0.0,1.0,0.0,0.5,0.0,0.5,0.0,0.25,0.0,0.5,2025-04-27,2025-04-27,2025-04-27,2025-04-27,930.9174,1.0,445.6977,1.4499999999999873,19.920000000000005,0.057429,9.990000000000007,-2.560000000000006,-980.3083,-10.69,0.0560000000000001,-1.9200000000000124,-1.3300000000000305
2025-05-05,57.5,57.5,0.0,中性,0.0,0.5,15.0,1.0,15.0,0.5,0.0,0.5,0.0,1.0,20.0,0.5,0.0,0.0,5.0,1.0,2.5,0.5,0.0,0.5,0.0,1.0,0.0,0.5,0.0,0.0,0.0,0.25,0.0,0.5,2025-05-04,2025-04-30,2025-04-30,2025-05-04,1054.5926,0.2362125045855247,666.1679,-21.49000000000001,20.64999999999999,0.293403,9.579999999999988,0.7299999999999862,123.6751999999999,-22.94,0.235974,-0.4100000000000197,3.289999999999992
2025-05-12,80.0,80.0,1.0,看多,0.0,0.5,15.0,1.0,15.0,0.5,0.0,0.5,0.0,1.0,40.0,1.0,2.5,0.5,5.0,1.0,2.5,0.5,0.0,0.5,0.0,0.0,0.0,0.0,0.0,1.0,0.0,0.25,0.0,0.5,2025-05-11,2025-05-09,2025-05-09,2025-05-11,1972.5047,0.2504003253761991,676.465,-13.080000000000013,17.12,0.174815,14.63000000000001,-3.5299999999999905,917.9121,8.409999999999997,-0.118588,5.050000000000022,-4.259999999999977
2025-05-19,47.5,47.5,0.0,中性,0.0,0.5,7.5,0.5,15.0,0.5,0.0,1.0,0.0,1.0,20.0,0.5,2.5,0.5,0.0,0.0,2.5,0.5,0.0,1.0,0.0,0.0,0.0,0.0,0.0,0.0,0.0,0.5,0.0,0.0,2025-05-18,2025-05-16,2025-05-16,2025-05-18,2485.2174,0.3082165935399435,1063.5844,57.34999999999999,17.179999999999996,-0.120643,17.609999999999992,0.0599999999999951,512.7127,70.43,-0.295458,2.9799999999999827,3.5899999999999856
2025-05-26,65.0,65.0,0.0,中性,0.0,0.5,0.0,0.0,15.0,0.5,0.0,0.5,0.0,0.5,40.0,1.0,2.5,0.5,5.0,1.0,2.5,0.5,0.0,0.5,0.0,1.0,0.0,1.0,0.0,1.0,0.0,0.25,0.0,0.5,2025-05-25,2025-05-23,2025-05-23,2025-05-25,2282.1166,1.0,1048.854,21.739999999999988,11.509999999999998,0.297904,14.090000000000003,-5.669999999999998,-203.10080000000016,-35.61,0.418547,-3.519999999999989,-5.729999999999993
2025-06-02,42.5,42.5,0.0,中性,0.0,0.5,15.0,1.0,15.0,0.5,0.0,0.5,0.0,0.5,0.0,0.0,2.5,0.5,5.0,1.0,5.0,1.0,0.0,0.5,0.0,1.0,0.0,0.5,0.0,0.0,0.0,0.25,0.0,0.5,2025-06-01,2025-05-30,2025-05-30,2025-06-01,1095.9499,0.2166872466351094,371.045,4.859999999999994,16.03999999999999,0.412847,12.659999999999982,4.529999999999991,-1186.1666999999998,-16.879999999999995,0.114943,-1.430000000000021,10.199999999999989
2025-06-09,55.0,55.0,0.0,中性,0.0,0.5,15.0,1.0,15.0,0.5,0.0,0.0,0.0,0.5,20.0,0.5,2.5,0.5,0.0,0.0,2.5,0.5,0.0,0.0,0.0,0.0,0.0,0.5,0.0,1.0,0.0,0.0,0.0,0.0,2025-06-08,2025-06-06,2025-06-06,2025-06-08,1077.8572,0.1417837991521889,305.66,-91.91,16.82999999999999,-0.2254609999999999,14.549999999999995,0.7900000000000027,-18.09270000000015,-96.77,-0.6383079999999999,1.890000000000013,-3.7399999999999887
2025-06-16,70.0,70.0,1.0,看多,0.0,0.5,7.5,0.5,15.0,0.5,0.0,0.5,0.0,0.5,40.0,1.0,2.5,0.5,5.0,1.0,0.0,0.0,0.0,1.0,0.0,1.0,0.0,1.0,0.0,1.0,0.0,0.25,0.0,0.5,2025-06-15,2025-06-13,2025-06-13,2025-06-15,2617.5261,0.3779643098683829,504.95,-20.540000000000006,14.690000000000005,0.190959,12.09,-2.139999999999988,1539.6689,71.36999999999999,0.4164199999999999,-2.4599999999999955,-2.929999999999991
2025-06-23,47.5,47.5,0.0,中性,0.0,0.0,0.0,0.0,0.0,0.0,0.0,1.0,0.0,0.5,40.0,1.0,2.5,0.5,5.0,1.0,0.0,0.0,0.0,1.0,0.0,1.0,0.0,0.5,0.0,0.5,0.0,0.0,0.0,0.0,2025-06-22,2025-06-20,2025-06-20,2025-06-22,6416.4047,0.8525192247501653,2919.2542,66.53999999999999,12.160000000000014,0.388768,12.20000000000001,-2.5299999999999887,3798.8786,87.08,0.197809,0.11000000000001,-0.3900000000000005
2025-06-30,62.5,62.5,0.0,中性,0.0,1.0,15.0,1.0,15.0,0.5,0.0,1.0,0.0,0.5,20.0,0.5,2.5,0.5,5.0,1.0,5.0,1.0,0.0,0.5,0.0,0.0,0.0,0.5,0.0,0.0,0.0,1.0,0.0,1.0,2025-06-29,2025-06-27,2025-06-27,2025-06-29,721.3864,0.2048121019375919,344.4733,100.45,11.9,0.1047319999999999,13.02000000000001,-0.2600000000000158,-5695.0183,33.91000000000001,-0.2840360000000001,0.8200000000000003,2.269999999999973
2025-07-07,50.0,50.0,0.0,中性,0.0,0.5,7.5,0.5,15.0,0.5,0.0,1.0,0.0,0.5,20.0,0.5,2.5,0.5,5.0,1.0,0.0,0.0,0.0,0.5,0.0,1.0,0.0,0.0,0.0,0.5,0.0,0.5,0.0,0.5,2025-07-06,2025-07-04,2025-07-04,2025-07-06,2317.8969,0.4415044321264266,807.1727,56.83999999999998,11.29,0.426126,16.33,-0.6099999999999994,1596.5105000000003,-43.61000000000002,0.3213940000000001,3.309999999999988,-0.3499999999999836
2025-07-14,52.5,52.5,0.0,中性,0.0,0.5,7.5,0.5,15.0,0.5,0.0,1.0,0.0,0.5,20.0,0.5,2.5,0.5,5.0,1.0,2.5,0.5,0.0,0.5,0.0,0.0,0.0,1.0,0.0,0.5,0.0,0.5,0.0,0.5,2025-07-13,2025-07-11,2025-07-11,2025-07-13,2511.8309,0.5079607684710014,1010.9124,88.18999999999997,10.489999999999998,0.234514,13.989999999999991,-0.8000000000000007,193.9339999999997,31.349999999999987,-0.191612,-2.340000000000007,-0.1900000000000012
2025-07-21,32.5,32.5,0.0,中性,0.0,0.0,7.5,0.5,0.0,0.0,0.0,0.5,0.0,0.0,20.0,0.5,2.5,0.5,0.0,0.0,2.5,0.5,0.0,0.5,0.0,0.0,0.0,0.5,0.0,0.5,0.0,0.0,0.0,0.0,2025-07-20,2025-07-18,2025-07-18,2025-07-20,3757.5468,0.4806247514404749,1809.6133,31.18999999999998,9.060000000000002,-0.052126,13.830000000000007,-1.4299999999999962,1245.7159,-56.99999999999999,-0.28664,-0.1599999999999841,-0.6299999999999955
2025-07-28,60.0,60.0,0.0,中性,0.0,0.0,0.0,0.0,15.0,0.5,0.0,1.0,0.0,0.0,40.0,1.0,2.5,0.5,0.0,0.0,2.5,0.5,0.0,0.5,0.0,0.0,0.0,0.5,0.0,0.5,0.0,0.0,0.0,0.0,2025-07-27,2025-07-25,2025-07-25,2025-07-27,3371.7523,0.6516278955339009,1261.6913,76.04999999999998,6.669999999999998,-2.247043,12.409999999999988,-2.390000000000004,-385.7945,44.86,-2.194917,-1.4200000000000197,-0.960000000000008
2025-08-04,35.0,35.0,0.0,中性,0.0,0.5,7.5,0.5,15.0,0.5,0.0,0.5,0.0,0.5,0.0,0.0,2.5,0.5,5.0,1.0,5.0,1.0,0.0,0.5,0.0,1.0,0.0,0.0,0.0,0.0,0.0,0.25,0.0,0.5,2025-08-03,2025-08-01,2025-08-01,2025-08-03,1654.5909,0.2712403679099273,560.2828000000001,25.02999999999998,10.729999999999997,0.144225,17.819999999999993,4.059999999999997,-1717.1614000000002,-51.02,2.391268,5.4100000000000055,6.450000000000001
2025-08-11,70.0,70.0,1.0,看多,0.0,1.0,15.0,1.0,30.0,1.0,0.0,0.5,0.0,0.5,20.0,0.5,2.5,0.5,0.0,0.0,2.5,0.5,0.0,0.5,0.0,0.0,0.0,0.5,0.0,1.0,0.0,0.5,0.0,0.0,2025-08-10,2025-08-08,2025-08-08,2025-08-10,914.3205,0.2276172754725915,177.9332,45.25999999999998,10.909999999999997,-0.001138,18.070000000000007,0.1800000000000015,-740.2703999999999,20.23,-0.145363,0.2500000000000142,-3.879999999999996
2025-08-18,30.0,30.0,0.0,中性,0.0,0.0,7.5,0.5,0.0,0.0,0.0,0.5,0.0,0.0,20.0,0.5,2.5,0.5,0.0,0.0,0.0,0.0,0.0,0.5,0.0,0.0,0.0,0.0,0.0,0.5,0.0,0.0,0.0,0.0,2025-08-17,2025-08-15,2025-08-15,2025-08-17,3691.5019,0.4845506903488512,2123.2948,32.809999999999974,10.150000000000016,-0.564241,20.80000000000002,-0.759999999999982,2777.1814000000004,-12.450000000000005,-0.563103,2.730000000000011,-0.9399999999999836
2025-08-25,22.5,22.5,0.0,看空,0.0,0.0,0.0,0.0,15.0,0.5,0.0,1.0,0.0,1.0,0.0,0.0,5.0,1.0,0.0,0.0,2.5,0.5,0.0,0.5,0.0,0.0,0.0,0.0,0.0,0.0,0.0,0.0,0.0,0.0,2025-08-24,2025-08-22,2025-08-22,2025-08-24,3515.9695,1.0,1224.5947,51.50999999999997,18.94,-1.054843,30.620000000000005,8.789999999999987,-175.53240000000005,18.7,-0.490602,9.819999999999986,9.549999999999969
2025-09-01,65.0,65.0,0.0,中性,0.0,0.5,15.0,1.0,15.0,0.5,0.0,0.5,0.0,0.5,20.0,0.5,5.0,1.0,5.0,1.0,5.0,1.0,0.0,0.0,0.0,1.0,0.0,0.0,0.0,1.0,0.0,0.25,0.0,0.5,2025-08-31,2025-08-29,2025-08-29,2025-08-31,933.913,0.2110722451884492,417.58,-28.10000000000003,16.969999999999995,0.036241,34.76000000000001,-1.970000000000006,-2582.0565,-79.61,1.091084,4.140000000000008,-10.759999999999993
2025-09-08,52.5,52.5,0.0,中性,0.0,0.5,7.5,0.5,15.0,0.5,0.0,0.5,0.0,0.5,20.0,0.5,5.0,1.0,5.0,1.0,0.0,0.0,0.0,0.5,0.0,0.0,0.0,0.5,0.0,0.0,0.0,0.25,0.0,0.5,2025-09-07,2025-09-05,2025-09-05,2025-09-07,3016.7246,0.3475319168142996,1456.4388,-28.340000000000025,18.39999999999997,0.000355,34.49999999999997,1.4299999999999748,2082.8116,-0.2399999999999948,-0.035886,-0.2600000000000406,3.399999999999981
2025-09-15,50.0,50.0,0.0,中性,0.0,0.5,7.5,0.5,15.0,0.5,0.0,0.0,0.0,1.0,20.0,0.5,5.0,1.0,0.0,0.0,2.5,0.5,0.0,0.5,0.0,0.0,0.0,0.0,0.0,0.5,0.0,0.0,0.0,0.0,2025-09-14,2025-09-12,2025-09-12,2025-09-14,1885.1882,0.365319066499687,972.3229,-44.43000000000003,19.82,-0.643493,39.52,1.420000000000023,-1131.5364,-16.090000000000003,-0.643848,5.020000000000032,-0.0099999999999518
2025-09-22,55.0,55.0,0.0,中性,0.0,0.5,7.5,0.5,15.0,0.5,0.0,0.5,0.0,0.5,20.0,0.5,5.0,1.0,5.0,1.0,2.5,0.5,0.0,0.5,0.0,1.0,0.0,0.5,0.0,1.0,0.0,0.25,0.0,0.5,2025-09-21,2025-09-19,2025-09-19,2025-09-21,1960.5111,0.4419735321912152,1386.4006,-26.430000000000028,18.609999999999992,0.0052119999999999,38.99999999999999,-1.2100000000000009,75.32289999999989,18.0,0.6487049999999999,-0.5200000000000102,-2.630000000000024
2025-09-29,40.0,40.0,0.0,中性,0.0,1.0,0.0,0.0,30.0,1.0,0.0,0.5,0.0,1.0,0.0,0.0,5.0,1.0,0.0,0.0,5.0,1.0,0.0,0.5,0.0,0.0,0.0,0.5,0.0,0.0,0.0,0.5,0.0,0.0,2025-09-28,2025-09-28,2025-09-28,2025-09-28,722.7317,1.0,172.2119,2.9899999999999727,22.17,-0.323149,40.98000000000002,3.5600000000000094,-1237.7794,29.42,-0.3283609999999999,1.9800000000000253,4.77000000000001
2025-10-06,77.5,77.5,1.0,看多,0.0,1.0,15.0,1.0,30.0,1.0,0.0,0.5,0.0,1.0,20.0,0.5,5.0,1.0,5.0,1.0,2.5,0.5,0.0,0.5,0.0,1.0,0.0,0.5,0.0,1.0,0.0,0.5,0.0,1.0,2025-10-05,2025-09-30,2025-09-30,2025-10-05,102.5441,0.0477494734566801,0.0,18.46999999999997,23.009999999999977,0.180957,42.55999999999997,0.839999999999975,-620.1876000000001,15.479999999999997,0.504106,1.5799999999999486,-2.7200000000000344
2025-10-13,72.5,72.5,1.0,看多,0.0,1.0,15.0,1.0,30.0,1.0,0.0,0.5,0.0,1.0,20.0,0.5,5.0,1.0,0.0,0.0,2.5,0.5,0.0,0.5,0.0,0.0,0.0,1.0,0.0,0.5,0.0,0.5,0.0,0.0,2025-10-12,2025-09-30,2025-10-11,2025-10-12,323.0051,0.1047695639556353,177.1037,18.46999999999997,22.99,-0.232703,40.05000000000001,-0.0199999999999782,220.461,15.479999999999997,-0.41366,-2.509999999999956,-0.8599999999999531
2025-10-20,67.5,67.5,0.0,中性,0.0,0.5,7.5,0.5,15.0,0.5,0.0,0.0,0.0,0.5,40.0,1.0,5.0,1.0,0.0,0.0,0.0,0.0,0.0,0.0,0.0,0.0,0.0,1.0,0.0,1.0,0.0,0.0,0.0,0.0,2025-10-19,2025-10-17,2025-10-17,2025-10-19,2472.2819,0.2640542016684165,1180.9608,-45.080000000000034,18.85000000000001,-0.264053,34.68000000000002,-4.139999999999986,2149.2768,-63.55,-0.0313499999999999,-5.36999999999999,-4.120000000000008
2025-10-27,47.5,47.5,0.0,中性,0.0,0.5,0.0,0.0,15.0,0.5,0.0,0.5,0.0,0.5,20.0,0.5,5.0,1.0,5.0,1.0,2.5,0.5,0.0,0.5,0.0,1.0,0.0,0.5,0.0,0.0,0.0,0.25,0.0,0.5,2025-10-26,2025-10-24,2025-10-24,2025-10-26,2706.8197,1.0,1051.3782,-17.380000000000027,18.62000000000001,0.033968,35.98000000000001,-0.2299999999999968,234.5378000000001,27.700000000000006,0.298021,1.29999999999999,3.9099999999999895
2025-11-03,57.5,57.5,0.0,中性,0.0,1.0,7.5,0.5,15.0,0.5,0.0,0.5,0.0,0.5,20.0,0.5,5.0,1.0,5.0,1.0,5.0,1.0,0.0,0.5,0.0,1.0,0.0,0.5,0.0,0.5,0.0,0.5,0.0,1.0,2025-11-02,2025-10-31,2025-10-31,2025-11-02,916.0718,0.2364073462418487,413.6307,15.40999999999997,19.259999999999987,0.442932,36.05,0.6399999999999721,-1790.7478999999998,32.79,0.408964,0.069999999999986,0.8699999999999689
2025-11-10,72.5,72.5,1.0,看多,0.0,0.5,7.5,0.5,15.0,0.5,0.0,0.5,0.0,0.5,40.0,1.0,5.0,1.0,5.0,1.0,0.0,0.0,0.0,0.5,0.0,0.0,0.0,0.5,0.0,1.0,0.0,0.25,0.0,0.5,2025-11-09,2025-11-07,2025-11-07,2025-11-09,2850.6618,0.4795975909130323,1042.3635,-18.520000000000028,16.359999999999996,0.180077,34.78000000000001,-2.8999999999999915,1934.59,-33.93,-0.262855,-1.269999999999989,-3.539999999999964
2025-11-17,47.5,47.5,0.0,中性,0.0,0.5,7.5,0.5,15.0,0.5,0.0,0.5,0.0,0.5,20.0,0.5,2.5,0.5,0.0,0.0,2.5,0.5,0.0,1.0,0.0,0.0,0.0,0.5,0.0,0.0,0.0,0.25,0.0,0.0,2025-11-16,2025-11-14,2025-11-14,2025-11-16,1846.5903,0.4968506482944865,810.7329,18.28999999999997,15.71,-0.0110099999999999,33.61000000000001,-0.649999999999995,-1004.0714999999998,36.81,-0.1910869999999999,-1.1700000000000017,2.2499999999999964
2025-11-24,30.0,30.0,0.0,中性,0.0,0.0,7.5,0.5,0.0,0.0,0.0,0.5,0.0,0.5,20.0,0.5,2.5,0.5,0.0,0.0,0.0,0.0,0.0,0.5,0.0,1.0,0.0,0.5,0.0,0.5,0.0,0.0,0.0,0.0,2025-11-23,2025-11-21,2025-11-21,2025-11-23,3513.5868,0.5821353752152946,1732.268,6.5099999999999705,14.820000000000013,-0.003673,32.98000000000001,-0.8899999999999899,1666.9965,-11.78,0.0073369999999999,-0.6299999999999955,-0.2399999999999948
2025-12-01,67.5,67.5,0.0,中性,0.0,0.5,7.5,0.5,30.0,1.0,0.0,1.0,0.0,0.5,20.0,0.5,5.0,1.0,0.0,0.0,5.0,1.0,0.0,1.0,0.0,0.0,0.0,0.0,0.0,0.5,0.0,0.5,0.0,0.0,2025-11-30,2025-11-28,2025-11-28,2025-11-30,1087.1738,0.3277409823989325,287.5394,91.86,15.810000000000011,-0.3114949999999999,35.93000000000002,0.990000000000002,-2426.413,85.35000000000002,-0.3078219999999999,2.95000000000001,1.879999999999992
2025-12-08,52.5,52.5,0.0,中性,0.0,0.5,15.0,1.0,30.0,1.0,0.0,1.0,0.0,1.0,0.0,0.0,5.0,1.0,0.0,0.0,2.5,0.5,0.0,0.0,0.0,0.0,0.0,0.0,0.0,0.0,0.0,0.5,0.0,0.0,2025-12-07,2025-12-05,2025-12-05,2025-12-07,1069.5544,0.0890593664271709,347.2076,42.459999999999965,20.84,-0.463071,40.14,5.02999999999998,-17.61940000000004,-49.400000000000034,-0.1515760000000001,4.20999999999998,4.039999999999978
2025-12-15,72.5,72.5,1.0,看多,0.0,1.0,15.0,1.0,30.0,1.0,0.0,0.5,0.0,1.0,20.0,0.5,5.0,1.0,0.0,0.0,2.5,0.5,0.0,0.0,0.0,0.0,0.0,0.5,0.0,1.0,0.0,0.5,0.0,0.0,2025-12-14,2025-12-12,2025-12-12,2025-12-14,400.3669,0.1191296248484237,203.17,-14.79000000000003,20.31000000000001,-0.591527,38.27,-0.5299999999999869,-669.1875,-57.24999999999999,-0.128456,-1.8699999999999972,-5.559999999999967
2025-12-22,72.5,72.5,1.0,看多,0.0,1.0,15.0,1.0,30.0,1.0,0.0,0.0,0.0,0.5,20.0,0.5,5.0,1.0,0.0,0.0,2.5,0.5,0.0,0.5,0.0,1.0,0.0,0.5,0.0,0.5,0.0,0.0,0.0,0.0,2025-12-21,2025-12-19,2025-12-19,2025-12-21,20.37,0.0096964446369664,12.11,-58.02000000000002,19.45000000000001,-0.310781,39.03000000000001,-0.8599999999999959,-379.9969,-43.22999999999999,0.280746,0.7600000000000051,-0.3300000000000089
2025-12-29,62.5,62.5,0.0,中性,0.0,1.0,0.0,0.0,30.0,1.0,0.0,0.5,0.0,0.5,20.0,0.5,5.0,1.0,5.0,1.0,2.5,0.5,0.0,1.0,0.0,1.0,0.0,0.5,0.0,0.5,0.0,0.5,0.0,1.0,2025-12-28,2025-12-26,2025-12-26,2025-12-28,260.0,1.0,2.08,19.03999999999997,17.910000000000025,0.153424,38.170000000000016,-1.539999999999985,239.63,77.05999999999999,0.464205,-0.8599999999999923,-0.6799999999999891
2026-01-05,62.5,62.5,0.0,中性,0.0,0.5,15.0,1.0,15.0,0.5,0.0,0.5,0.0,0.5,20.0,0.5,5.0,1.0,5.0,1.0,2.5,0.5,0.0,0.5,0.0,1.0,0.0,0.0,0.0,0.0,0.0,0.25,0.0,0.5,2026-01-04,2026-01-04,2026-01-04,2026-01-04,1176.64,0.1920530666074716,928.86,30.169999999999973,19.39,0.211232,41.91,1.479999999999972,916.64,11.130000000000004,0.057808,3.7399999999999807,3.019999999999957
2026-01-12,50.0,50.0,0.0,中性,0.0,1.0,7.5,0.5,15.0,0.5,0.0,1.0,0.0,0.5,20.0,0.5,5.0,1.0,0.0,0.0,2.5,0.5,0.0,1.0,0.0,0.0,0.0,0.5,0.0,1.0,0.0,1.0,0.0,0.0,2026-01-11,2026-01-09,2026-01-09,2026-01-11,748.4118,0.2655438073314907,517.27,113.92999999999998,18.81999999999997,-0.610241,43.38999999999997,-0.5700000000000252,-428.2282000000001,83.76,-0.821473,1.4799999999999756,-2.049999999999997
2026-01-19,47.5,47.5,0.0,中性,0.0,0.5,7.5,0.5,15.0,0.5,0.0,0.5,0.0,0.5,20.0,0.5,5.0,1.0,0.0,0.0,0.0,0.0,0.0,0.0,0.0,1.0,0.0,1.0,0.0,0.5,0.0,0.25,0.0,0.0,2026-01-18,2026-01-16,2026-01-16,2026-01-18,2315.6973,0.3101783004247975,1011.7636,28.909999999999968,18.35,-0.089951,40.09,-0.4699999999999704,1567.2855,-85.02000000000001,0.52029,-3.2999999999999687,0.1000000000000547
2026-01-26,50.0,50.0,0.0,中性,0.0,0.0,0.0,0.0,0.0,0.0,0.0,0.5,0.0,0.5,40.0,1.0,5.0,1.0,5.0,1.0,0.0,0.0,0.0,0.5,0.0,1.0,0.0,0.5,0.0,1.0,0.0,0.0,0.0,0.0,2026-01-25,2026-01-23,2026-01-23,2026-01-25,4392.7477,1.0,2491.0581,17.27999999999997,15.229999999999988,0.0853709999999999,38.71,-3.120000000000013,2077.0504,-11.63,0.1753219999999999,-1.3800000000000026,-2.6500000000000425
2026-02-02,30.0,30.0,0.0,中性,0.0,0.0,0.0,0.0,0.0,0.0,0.0,1.0,0.0,0.5,20.0,0.5,5.0,1.0,5.0,1.0,0.0,0.0,0.0,0.5,0.0,0.0,0.0,0.5,0.0,0.0,0.0,0.0,0.0,0.0,2026-02-01,2026-01-30,2026-01-30,2026-02-01,5796.7295,0.5935179734423892,2838.4753,53.20999999999997,16.910000000000004,0.044494,38.53,1.6800000000000157,1403.9818000000005,35.93000000000001,-0.0408769999999999,-0.1799999999999997,4.800000000000029
2026-02-09,35.0,35.0,0.0,中性,0.0,0.0,0.0,0.0,0.0,0.0,0.0,0.5,0.0,0.5,20.0,0.5,5.0,1.0,5.0,1.0,5.0,1.0,0.0,0.5,0.0,1.0,0.0,0.5,0.0,0.5,0.0,0.0,0.0,0.0,2026-02-08,2026-02-06,2026-02-06,2026-02-08,3221.3551,0.6169576744550471,1633.9198,17.869999999999965,17.36,0.191712,39.88,0.4499999999999957,-2575.3744,-35.34,0.147218,1.3500000000000014,-1.23000000000002
2026-03-02,7.5,7.5,0.0,看空,0.0,0.0,0.0,0.0,0.0,0.0,0.0,0.5,0.0,1.0,0.0,0.0,5.0,1.0,0.0,0.0,2.5,0.5,0.0,0.5,0.0,0.0,0.0,0.5,0.0,0.0,0.0,0.0,0.0,0.0,2026-03-01,2026-02-28,2026-02-28,2026-03-01,2724.8439,0.6464875009961816,1887.458,19.449999999999964,21.12999999999998,-0.004486,41.16,2.719999999999988,-496.5112000000004,1.5799999999999983,-0.1961979999999999,1.279999999999994,2.2699999999999925
2026-03-09,92.5,92.5,1.0,看多,0.0,0.5,7.5,0.5,30.0,1.0,0.0,0.5,0.0,0.5,40.0,1.0,5.0,1.0,5.0,1.0,5.0,1.0,0.0,0.0,0.0,1.0,0.0,0.5,0.0,1.0,0.0,0.25,0.0,0.5,2026-03-08,2026-03-06,2026-03-06,2026-03-08,1355.4485,0.2521554247985075,153.5524,-24.83000000000004,18.86000000000001,0.178148,41.96,-2.269999999999971,-1369.3954,-44.28,0.182634,0.8000000000000043,-4.989999999999959
2026-03-16,57.5,57.5,0.0,中性,0.0,0.0,7.5,0.5,0.0,0.0,0.0,1.0,0.0,0.5,40.0,1.0,5.0,1.0,5.0,1.0,0.0,0.0,0.0,1.0,0.0,0.0,0.0,0.0,0.0,0.5,0.0,0.0,0.0,0.0,2026-03-15,2026-03-13,2026-03-13,2026-03-15,3422.3446,0.3690916103355347,1460.6416,54.88999999999996,16.759999999999998,0.051836,44.940000000000005,-2.100000000000012,2066.8961,79.72,-0.126312,2.980000000000004,0.169999999999959
2026-03-23,47.5,47.5,0.0,中性,0.0,0.0,0.0,0.0,15.0,0.5,0.0,0.5,0.0,0.5,20.0,0.5,5.0,1.0,5.0,1.0,2.5,0.5,0.0,0.5,0.0,1.0,0.0,0.0,0.0,0.5,0.0,0.0,0.0,0.0,2026-03-22,2026-03-20,2026-03-20,2026-03-22,3085.5862,0.5893487533449455,1317.708,20.37999999999996,15.52,0.123283,47.01000000000002,-1.2399999999999984,-336.7583999999997,-34.51,0.071447,2.0700000000000145,0.8600000000000136
2026-03-30,57.5,57.5,0.0,中性,0.0,0.5,7.5,0.5,15.0,0.5,0.0,0.5,0.0,0.5,20.0,0.5,5.0,1.0,5.0,1.0,5.0,1.0,0.0,0.5,0.0,1.0,0.0,0.5,0.0,0.0,0.0,0.25,0.0,0.5,2026-03-29,2026-03-27,2026-03-27,2026-03-29,1184.2408,0.2735699589599137,475.2903,8.169999999999959,16.380000000000017,0.371208,45.600000000000016,0.8600000000000172,-1901.3454,-12.21,0.2479249999999999,-1.4100000000000037,2.100000000000016
2026-04-06,55.0,55.0,0.0,中性,0.0,0.5,7.5,0.5,15.0,0.5,0.0,0.5,0.0,0.5,20.0,0.5,5.0,1.0,5.0,1.0,2.5,0.5,0.0,0.5,0.0,1.0,0.0,0.0,0.0,1.0,0.0,0.25,0.0,0.5,2026-04-05,2026-04-03,2026-04-03,2026-04-05,1899.1019,0.32599239230542,747.8219,-12.040000000000044,15.059999999999985,1.523922,49.54999999999998,-1.3200000000000325,714.8610999999999,-20.21,1.152714,3.9499999999999673,-2.180000000000049
2026-04-13,55.0,55.0,0.0,中性,0.0,0.5,7.5,0.5,15.0,0.5,0.0,0.5,0.0,0.0,20.0,0.5,5.0,1.0,5.0,1.0,2.5,0.5,0.0,0.5,0.0,0.0,0.0,1.0,0.0,0.5,0.0,0.25,0.0,0.5,2026-04-12,2026-04-10,2026-04-10,2026-04-12,1471.9469,0.3879213331460772,593.16,8.01999999999996,13.850000000000009,0.872204,47.38,-1.2099999999999778,-427.155,20.06,-0.651718,-2.1699999999999804,0.1100000000000547
2026-04-20,55.0,55.0,0.0,中性,0.0,0.5,7.5,0.5,15.0,0.5,0.0,0.0,0.0,0.5,20.0,0.5,5.0,1.0,5.0,1.0,2.5,0.5,0.0,0.0,0.0,1.0,0.0,1.0,0.0,0.5,0.0,0.0,0.0,0.5,2026-04-19,2026-04-17,2026-04-17,2026-04-19,2416.8232,0.354965039040492,667.9338,-87.00000000000004,14.510000000000002,0.974885,43.74,0.6599999999999948,944.8763,-95.02,0.102681,-3.640000000000001,1.8699999999999728
2026-04-27,50.0,50.0,0.0,中性,0.0,0.5,0.0,0.0,15.0,0.5,0.0,0.5,0.0,0.0,20.0,0.5,5.0,1.0,5.0,1.0,5.0,1.0,0.0,1.0,0.0,0.0,0.0,0.5,0.0,0.5,0.0,0.25,0.0,0.5,2026-04-26,2026-04-24,2026-04-24,2026-04-26,1395.4598,1.0,636.326,7.239999999999949,13.840000000000009,0.758267,45.35,-0.6699999999999946,-1021.3633999999996,94.24,-0.2166179999999999,1.6099999999999994,-1.3299999999999894
2026-05-04,77.5,77.5,1.0,看多,0.0,1.0,15.0,1.0,30.0,1.0,0.0,0.5,0.0,0.5,20.0,0.5,5.0,1.0,5.0,1.0,2.5,0.5,0.0,0.5,0.0,0.0,0.0,0.5,0.0,0.0,0.0,0.5,0.0,1.0,2026-05-03,2026-04-30,2026-04-30,2026-05-03,586.8897999999999,0.1435960129870403,282.5,38.18999999999996,15.239999999999988,0.648397,45.46999999999999,1.3999999999999808,-808.5700000000002,30.950000000000014,-0.10987,0.1199999999999903,2.0699999999999754
2026-05-11,77.5,77.5,1.0,看多,0.0,0.5,15.0,1.0,15.0,0.5,0.0,0.5,0.0,0.0,40.0,1.0,5.0,1.0,0.0,0.0,2.5,0.5,0.0,0.5,0.0,0.0,0.0,0.5,0.0,1.0,0.0,0.25,0.0,0.0,2026-05-10,2026-05-09,2026-05-09,2026-05-10,1459.1221,0.2349965222941903,754.7262,35.64999999999996,12.600000000000012,-0.140486,45.3,-2.639999999999976,872.2323000000001,-2.539999999999999,-0.788883,-0.1699999999999946,-4.0399999999999565
2026-05-18,75.0,75.0,1.0,看多,0.0,0.5,7.5,0.5,15.0,0.5,0.0,1.0,0.0,0.0,40.0,1.0,5.0,1.0,5.0,1.0,2.5,0.5,0.0,0.5,0.0,1.0,0.0,1.0,0.0,0.5,0.0,0.5,0.0,0.5,2026-05-17,2026-05-15,2026-05-15,2026-05-17,1817.0687,0.2809725370630437,419.6334,47.32999999999996,10.430000000000009,0.89491,42.76000000000002,-2.1700000000000053,357.9466,11.68,1.035396,-2.539999999999978,0.4699999999999709
2026-05-25,27.5,27.5,0.0,看空,0.0,0.0,0.0,0.0,0.0,0.0,0.0,0.5,0.0,0.0,20.0,0.5,2.5,0.5,5.0,1.0,0.0,0.0,0.0,0.5,0.0,1.0,0.0,1.0,0.0,0.5,0.0,0.0,0.0,0.0,2026-05-24,2026-05-22,2026-05-22,2026-05-24,4184.3093,0.8229848054287334,1853.4018,40.29999999999996,10.20000000000001,1.089057,40.64000000000001,-0.2299999999999968,2367.2406,-7.030000000000001,0.1941469999999999,-2.120000000000012,1.9400000000000084
2026-06-01,55.0,55.0,0.0,中性,0.0,0.5,7.5,0.5,15.0,0.5,0.0,0.5,0.0,0.0,20.0,0.5,2.5,0.5,5.0,1.0,5.0,1.0,0.0,0.5,0.0,0.0,0.0,0.5,0.0,0.5,0.0,0.25,0.0,0.5,2026-05-31,2026-05-29,2026-05-29,2026-05-31,2009.6582,0.3937064662416081,1136.19,5.999999999999953,10.909999999999997,0.963775,38.81000000000001,0.7099999999999866,-2174.6511,-34.30000000000001,-0.1252819999999999,-1.8299999999999983,0.9399999999999834
2026-06-08,72.5,72.5,1.0,看多,0.0,0.5,7.5,0.5,15.0,0.5,0.0,0.5,0.0,0.0,40.0,1.0,2.5,0.5,5.0,1.0,2.5,0.5,0.0,0.5,0.0,1.0,0.0,1.0,0.0,1.0,0.0,0.25,0.0,0.5,2026-06-07,2026-06-05,2026-06-05,2026-06-07,2833.037,0.4471166403655671,680.0278,31.599999999999955,7.390000000000008,1.123608,34.959999999999994,-3.519999999999989,823.3787999999997,25.6,0.1598329999999999,-3.850000000000016,-4.229999999999976
2026-06-15,50.0,50.0,0.0,中性,0.0,0.5,7.5,0.5,15.0,0.5,0.0,1.0,0.0,0.0,20.0,0.5,2.5,0.5,0.0,0.0,5.0,1.0,0.0,1.0,0.0,0.0,0.0,0.5,0.0,0.0,0.0,0.5,0.0,0.0,2026-06-14,2026-06-12,2026-06-12,2026-06-14,1800.2271,0.5140088428633637,1085.7354,87.35999999999996,9.230000000000004,-0.982238,33.999999999999986,1.8399999999999963,-1032.8098999999995,55.760000000000005,-2.105846,-0.960000000000008,5.359999999999985
2026-06-22,52.5,52.5,0.0,中性,0.0,0.5,7.5,0.5,15.0,0.5,0.0,0.0,0.0,0.0,20.0,0.5,2.5,0.5,5.0,1.0,2.5,0.5,0.0,0.0,0.0,1.0,0.0,0.5,0.0,0.5,0.0,0.0,0.0,0.5,2026-06-21,2026-06-18,2026-06-18,2026-06-21,2579.4882,0.3337204396016802,1324.1746,-56.48000000000005,9.18000000000001,0.677532,35.170000000000016,-0.0499999999999936,779.2610999999997,-143.84,1.65977,1.17000000000003,-1.88999999999999
2026-06-29,50.0,50.0,0.0,中性,0.0,0.5,7.5,0.5,15.0,0.5,0.0,0.0,0.0,0.0,20.0,0.5,0.0,0.0,5.0,1.0,2.5,0.5,0.0,0.5,0.0,1.0,0.0,0.5,0.0,0.5,0.0,0.0,0.0,0.5,2026-06-28,2026-06-26,2026-06-26,2026-06-28,2373.2902,0.5200831189741122,1206.2942,-32.16000000000005,9.399999999999986,0.767827,34.29,0.2199999999999757,-206.1979999999999,24.319999999999997,0.090295,-0.8800000000000168,0.2699999999999692
2026-07-06,57.5,57.5,0.0,中性,0.0,0.5,15.0,1.0,15.0,0.5,0.0,0.5,0.0,0.0,20.0,0.5,2.5,0.5,0.0,0.0,5.0,1.0,0.0,1.0,0.0,0.0,0.0,0.0,0.0,0.5,0.0,0.25,0.0,0.0,2026-07-05,2026-07-03,2026-07-03,2026-07-05,1154.1239,0.2077958505751015,836.5671,24.179999999999943,9.190000000000008,-0.013373,37.570000000000014,-0.2099999999999777,-1219.1663,56.34,-0.7812,3.280000000000016,-0.4299999999999534
2026-07-13,47.5,47.5,0.0,中性,0.0,0.5,7.5,0.5,15.0,0.5,0.0,0.5,0.0,0.0,20.0,0.5,2.5,0.5,0.0,0.0,2.5,0.5,0.0,0.5,0.0,0.0,0.0,1.0,0.0,0.5,0.0,0.25,0.0,0.0,2026-07-12,2026-07-10,2026-07-10,2026-07-12,1623.9337,0.3712753350605201,866.3492,20.10999999999995,7.780000000000009,-0.0508479999999999,35.51000000000002,-1.4099999999999993,469.8098,-4.069999999999993,-0.0374749999999999,-2.059999999999995,-1.2000000000000215
2026-07-20,32.5,32.5,0.0,中性,0.0,0.0,7.5,0.5,0.0,0.0,0.0,0.5,0.0,0.0,20.0,0.5,0.0,0.0,5.0,1.0,0.0,0.0,0.0,0.5,0.0,1.0,0.0,0.5,0.0,0.5,0.0,0.0,0.0,0.0,2026-07-19,2026-07-17,2026-07-17,2026-07-19,3233.8889,0.5060155090475755,1471.71,1.0299999999999496,6.679999999999997,0.037013,33.96999999999999,-1.100000000000012,1609.9552,-19.08,0.0878609999999999,-1.5400000000000276,0.3099999999999872
2026-07-27,60.0,60.0,0.0,中性,0.0,0.5,0.0,0.0,30.0,1.0,0.0,0.5,0.0,0.0,20.0,0.5,0.0,0.0,5.0,1.0,5.0,1.0,0.0,0.5,0.0,1.0,0.0,0.5,0.0,0.5,0.0,0.25,0.0,0.5,2026-07-26,2026-07-24,2026-07-24,2026-07-26,1262.5864,0.5838316563906994,386.4282,21.33999999999996,6.669999999999998,0.395671,31.989999999999984,-0.0099999999999988,-1971.3025,20.31000000000001,0.358658,-1.9800000000000075,1.0900000000000132
2026-08-03,50.0,50.0,0.0,中性,0.0,0.5,7.5,0.5,15.0,0.5,0.0,0.5,0.0,0.0,20.0,0.5,0.0,0.0,5.0,1.0,2.5,0.5,0.0,0.5,0.0,0.0,0.0,0.5,0.0,0.5,0.0,0.25,0.0,0.5,2026-08-02,2026-07-31,2026-07-31,2026-08-02,1818.4003,0.3334556223801278,518.6899999999999,-1.9600000000000504,7.089999999999996,0.077013,30.74999999999999,0.4199999999999981,555.8139000000001,-23.300000000000008,-0.318658,-1.2399999999999949,0.4299999999999969
2026-08-10,47.5,47.5,0.0,中性,0.0,0.5,7.5,0.5,15.0,0.5,0.0,0.5,0.0,0.0,20.0,0.5,0.0,0.0,5.0,1.0,0.0,0.0,0.0,0.5,0.0,1.0,0.0,0.5,0.0,0.5,0.0,0.25,0.0,0.5,2026-08-09,2026-08-07,2026-08-07,2026-08-09,2828.228,0.4989791864119231,1109.7377,5.029999999999955,5.929999999999991,0.127013,29.27,-1.1600000000000057,1009.8277,6.9900000000000055,0.0499999999999999,-1.4799999999999898,-1.5800000000000038
2026-08-17,50.0,50.0,0.0,中性,0.0,0.0,7.5,0.5,15.0,0.5,0.0,0.5,0.0,0.0,20.0,0.5,0.0,0.0,5.0,1.0,2.5,0.5,0.0,0.5,0.0,1.0,0.0,1.0,0.0,0.5,0.0,0.0,0.0,0.0,2026-08-16,2026-08-14,2026-08-14,2026-08-16,3095.8143,0.4386861310455329,717.3208,26.119999999999948,5.390000000000006,0.438355,27.03,-0.5399999999999849,267.58629999999994,21.089999999999996,0.311342,-2.2399999999999984,0.6200000000000208
2026-08-24,35.0,35.0,0.0,中性,0.0,0.0,7.5,0.5,0.0,0.0,0.0,1.0,0.0,0.0,20.0,0.5,0.0,0.0,5.0,1.0,2.5,0.5,0.0,0.5,0.0,0.0,0.0,0.5,0.0,0.5,0.0,0.0,0.0,0.0,2026-08-23,2026-08-21,2026-08-21,2026-08-23,3376.7973,0.5133863452897198,1634.2709,40.58999999999995,6.820000000000004,0.338355,27.70999999999999,1.429999999999998,280.9830000000002,14.47,-0.0999999999999999,0.6799999999999891,1.9699999999999829
2026-08-31,52.5,52.5,0.0,中性,0.0,0.5,7.5,0.5,15.0,0.5,0.0,1.0,0.0,0.0,20.0,0.5,0.0,0.0,5.0,1.0,5.0,1.0,0.0,0.5,0.0,0.0,0.0,0.5,0.0,0.5,0.0,0.5,0.0,0.5,2026-08-30,2026-08-28,2026-08-28,2026-08-30,1560.2557,0.3261775163925946,436.0105,49.479999999999954,6.749999999999989,0.268355,27.739999999999988,-0.0700000000000145,-1816.5416,8.890000000000008,-0.07,0.0299999999999975,-1.5000000000000124
2026-09-07,50.0,50.0,0.0,中性,0.0,0.5,7.5,0.5,15.0,0.5,0.0,0.5,0.0,0.0,20.0,0.5,0.0,0.0,5.0,1.0,2.5,0.5,0.0,0.0,0.0,1.0,0.0,0.5,0.0,0.5,0.0,0.25,0.0,0.5,2026-09-06,2026-09-04,2026-09-04,2026-09-06,1524.5209,0.2944499750836351,813.875,19.58999999999996,7.410000000000005,0.447013,27.45,0.6600000000000161,-35.73479999999995,-29.89,0.1786579999999999,-0.2899999999999885,0.7300000000000306
2026-09-14,50.0,50.0,0.0,中性,0.0,0.5,7.5,0.5,15.0,0.5,0.0,1.0,0.0,0.0,20.0,0.5,0.0,0.0,5.0,1.0,2.5,0.5,0.0,0.5,0.0,1.0,0.0,0.5,0.0,0.5,0.0,0.5,0.0,0.5,2026-09-13,2026-09-11,2026-09-11,2026-09-13,2029.1137,0.4010808652116279,928.9127,35.68999999999996,6.489999999999996,1.148355,26.979999999999983,-0.9200000000000096,504.5928000000001,16.100000000000005,0.701342,-0.4700000000000166,-1.5800000000000258
