信号日期,下一信号日期,仓位,结论,周期策略收益,周期基准收益,周期超额收益,周期carry贡献,周期资本利得贡献,周期策略资本利得_BP,周期基准资本利得_BP,周期资本利得超额_BP,资本利得交易是否盈利,资本利得判断类型,基准是否赚钱,策略是否亏钱,错判类型,供给|发行量_得分,供给|发行占比_得分,供给|10Y以上发行_得分,需求|银行总净买入_得分,估值|地方债-国债利差_得分,估值|地方债-国债利差变化_得分,估值|地方债-NCD利差_得分,情绪|非银情绪_得分
2022-01-17,2022-01-24,1.0,看多,0.007412058736873117,0.0070126317541745475,0.0003994269826985697,0.0004888095238094,0.0069083671533042,8.139999999999988,7.600000000000003,0.5399999999999849,是,有效进攻,是,否,有效进攻,0.0,0.0,0.0,0.0,0.0,0.0,0.0,100.0
2022-01-24,2022-02-14,1.0,看多,-0.0012864064907309736,-0.005783418324990075,0.0044970118342591014,0.0011969404761901,-0.002462853510596685,-2.880000000000001,-7.91,5.029999999999999,否,其他,否,是,其他,0.0,0.0,0.0,0.0,0.0,0.0,0.0,100.0
2022-02-14,2022-02-21,1.0,看多,-0.0013263015373859988,-0.00017404841880164224,-0.0011522531185843565,0.0006120436507934,-0.0019379203525156,-2.2799999999999905,-0.8400000000000077,-1.4399999999999826,否,该空没空,否,是,该空没空,0.0,0.0,0.0,0.0,0.0,0.0,0.0,100.0
2022-02-21,2022-02-28,1.0,看多,-0.0034855394672941298,0.0024866563633691996,-0.005972195830663329,0.0006189841269839,-0.004106948317533234,-4.839999999999983,2.2499999999999956,-7.0899999999999785,否,其他,是,是,其他,0.0,0.0,0.0,0.0,0.0,0.0,0.0,100.0
2022-02-28,2022-03-07,0.0,看空,0.0,0.0,0.0,0.0,0.0,0.0,0.0,0.0,否,其他,否,否,其他,0.0,0.0,0.0,0.0,0.0,0.0,0.0,0.0
2022-03-07,2022-03-14,0.0,看空,0.0,0.0,0.0,0.0,0.0,0.0,0.0,0.0,否,其他,否,否,其他,0.0,0.0,0.0,0.0,0.0,0.0,0.0,0.0
2022-03-14,2022-03-21,0.0,看空,0.0,0.0,0.0,0.0,0.0,0.0,0.0,0.0,否,其他,否,否,其他,0.0,0.0,0.0,0.0,0.0,0.0,0.0,0.0
2022-03-21,2022-03-28,0.0,看空,0.0,0.0,0.0,0.0,0.0,0.0,0.0,0.0,否,其他,否,否,其他,0.0,0.0,0.0,0.0,0.0,0.0,0.0,0.0
2022-03-28,2022-04-04,0.0,看空,0.0,0.0,0.0,0.0,0.0,0.0,0.0,0.0,否,其他,否,否,其他,0.0,0.0,0.0,0.0,0.0,0.0,0.0,0.0
2022-04-04,2022-04-11,0.0,看空,0.0,0.0,0.0,0.0,0.0,0.0,0.0,0.0,否,其他,否,否,其他,0.0,0.0,0.0,0.0,0.0,0.0,0.0,0.0
2022-04-11,2022-04-18,1.0,看多,0.0012560089962778687,0.00012307475701356374,0.001132934239264305,0.0006159126984125001,0.0006481736023328,0.7700000000000071,-0.49000000000097554,1.2600000000009826,是,其他,是,否,有效进攻,0.0,0.0,0.0,0.0,0.0,0.0,0.0,100.0
2022-04-18,2022-04-25,0.0,看空,0.0,0.0,0.0,0.0,0.0,0.0,0.0,0.0,否,其他,否,否,其他,0.0,0.0,0.0,0.0,0.0,0.0,0.0,0.0
2022-04-25,2022-05-02,0.0,看空,0.0,0.0,0.0,0.0,0.0,0.0,0.0,0.0,否,其他,否,否,其他,0.0,0.0,0.0,0.0,0.0,0.0,0.0,0.0
2022-05-02,2022-05-09,1.0,看多,0.004993285124373248,0.0011970067571169807,0.003796278367256267,0.00024751984126970003,0.0047395496360628005,5.5899999999999705,1.13000000000002,4.45999999999995,是,有效进攻,是,否,有效进攻,0.0,0.0,0.0,0.0,0.0,0.0,0.0,100.0
2022-05-09,2022-05-16,0.0,看空,0.0,0.0,0.0,0.0,0.0,0.0,0.0,0.0,否,其他,否,否,其他,0.0,0.0,0.0,0.0,0.0,0.0,0.0,0.0
2022-05-16,2022-05-23,1.0,看多,0.00410455923321984,0.0026174281298421143,0.0014871311033777257,0.0006080198412695,0.0034915313207945003,4.110000000000988,2.399999999999972,1.710000000001016,是,有效进攻,是,否,有效进攻,0.0,0.0,0.0,0.0,0.0,0.0,0.0,100.0
2022-05-23,2022-05-30,1.0,看多,0.0018429326905999854,0.008568410524212533,-0.006725477833612548,0.0006037936507932999,0.0012407914623750003,1.4599999999989972,9.259999999999998,-7.800000000001001,是,有效进攻,是,否,有效进攻,0.0,0.0,0.0,0.0,0.0,0.0,0.0,100.0
2022-05-30,2022-06-06,1.0,看多,-0.0010429175367514532,-0.004984245158317191,0.003941327621565738,0.0004826825396824,-0.0015245105792590999,-1.7899999999999863,-6.269999999999991,4.480000000000004,否,其他,否,是,其他,0.0,0.0,0.0,0.0,0.0,0.0,0.0,100.0
2022-06-06,2022-06-13,0.0,看空,0.0,0.0,0.0,0.0,0.0,0.0,0.0,0.0,否,其他,否,否,其他,0.0,0.0,0.0,0.0,0.0,0.0,0.0,0.0
2022-06-13,2022-06-20,0.0,看空,0.0,0.0,0.0,0.0,0.0,0.0,0.0,0.0,否,其他,否,否,其他,0.0,0.0,0.0,0.0,0.0,0.0,0.0,0.0
2022-06-20,2022-06-27,0.0,看空,0.0,0.0,0.0,0.0,0.0,0.0,0.0,0.0,否,其他,否,否,其他,0.0,0.0,0.0,0.0,0.0,0.0,0.0,0.0
2022-06-27,2022-07-04,0.0,看空,0.0,0.0,0.0,0.0,0.0,0.0,0.0,0.0,否,其他,否,否,其他,0.0,0.0,0.0,0.0,0.0,0.0,0.0,0.0
2022-07-04,2022-07-11,1.0,看多,0.00018593339721117985,-0.0005501213749092848,0.0007360547721204647,0.0006203928571425,-0.0004277889560164998,-0.49999999999997957,-1.2900000000000058,0.7900000000000262,否,其他,否,否,其他,0.0,0.0,0.0,0.0,0.0,0.0,0.0,100.0
2022-07-11,2022-07-18,1.0,看多,0.005059888744474383,0.005105852485374207,-4.596374089982369e-05,0.0006150079365076,0.0044360105039126995,5.229999999999959,5.269999999999997,-0.04000000000003823,是,有效进攻,是,否,有效进攻,0.0,0.0,0.0,0.0,0.0,0.0,0.0,100.0
2022-07-18,2022-07-25,1.0,看多,0.0038561560914576187,0.0004341595109975671,0.0034219965804600516,0.0006069285714282999,0.0032464643185436,3.8200000000000034,-0.129999999999991,3.9499999999999944,是,其他,是,否,有效进攻,0.0,0.0,0.0,0.0,0.0,0.0,0.0,100.0
2022-07-25,2022-08-01,1.0,看多,0.003021105524324552,0.003224401124555687,-0.0002032956002311348,0.0005995476190473,0.0024187424706141,2.84000000000003,3.100000000000984,-0.26000000000095413,是,有效进攻,是,否,有效进攻,0.0,0.0,0.0,0.0,0.0,0.0,0.0,100.0
2022-08-01,2022-08-08,1.0,看多,0.003933547962432504,0.0024484977186796097,0.0014850502437528945,0.0005932539682537001,0.0033354656114995994,3.90999999999999,2.2099999999990185,1.7000000000009714,是,有效进攻,是,否,有效进攻,0.0,0.0,0.0,0.0,0.0,0.0,0.0,100.0
2022-08-08,2022-08-15,1.0,看多,-0.0005819064260730311,0.00047333127482396264,-0.0010552377008969938,0.0005903730158727,-0.0011709329277841472,-1.3699999999990105,-0.08000000000001067,-1.2899999999989997,否,该空没空,是,是,其他,0.0,0.0,0.0,0.0,0.0,0.0,0.0,100.0
2022-08-15,2022-08-22,0.0,看空,0.0,0.0,0.0,0.0,0.0,0.0,0.0,0.0,否,其他,否,否,其他,0.0,0.0,0.0,0.0,0.0,0.0,0.0,0.0
2022-08-22,2022-08-29,1.0,看多,-0.0018917629024621796,-0.004308214306544711,0.0024164514040825313,0.0005771666666664,-0.0024678750072833003,-2.879999999998994,-5.549999999999999,2.670000000001005,否,其他,否,是,其他,0.0,0.0,0.0,0.0,0.0,0.0,0.0,100.0
2022-08-29,2022-09-05,1.0,看多,0.0034280509390349767,0.0022911871359452274,0.0011368638030897493,0.0005796031746030001,0.0028484100826496996,3.33,2.039999999999993,1.2900000000000071,是,有效进攻,是,否,有效进攻,0.0,0.0,0.0,0.0,0.0,0.0,0.0,100.0
2022-09-05,2022-09-12,1.0,看多,0.00024670350629674154,-0.0005591143336957094,0.0008058178399924509,0.00057521031746,-0.0003267378947401598,-0.37999999999999834,-1.239999999999991,0.8599999999999928,否,其他,否,否,其他,0.0,0.0,0.0,0.0,0.0,0.0,0.0,100.0
2022-09-12,2022-09-19,1.0,看多,3.5600527816370686e-05,-0.002877635576420179,0.0029132361042365496,0.0004615912698411,-0.00042214487478839987,-0.4900000000010103,-3.8000000000000185,3.3099999999990084,否,其他,否,否,其他,0.0,0.0,0.0,0.0,0.0,0.0,0.0,100.0
2022-09-19,2022-09-26,0.0,看空,0.0,0.0,0.0,0.0,0.0,0.0,0.0,0.0,否,其他,否,否,其他,0.0,0.0,0.0,0.0,0.0,0.0,0.0,0.0
2022-09-26,2022-10-17,1.0,看多,-0.0013150313922525303,-0.00045785317019575444,-0.0008571782220567759,0.0011728373015868,-0.002483462662285698,-2.899999999999986,-1.7500000000000147,-1.1499999999999715,否,该空没空,否,是,该空没空,0.0,0.0,0.0,0.0,0.0,0.0,0.0,100.0
2022-10-17,2022-10-24,1.0,看多,0.002460623039407084,-0.0020684364649079523,0.004529059504315036,0.0005871309523807,0.0018719149292063001,2.1899999999989985,-3.0099999999989855,5.199999999997984,是,其他,否,否,其他,0.0,0.0,0.0,0.0,0.0,0.0,0.0,100.0
2022-10-24,2022-10-31,1.0,看多,0.0018312476878379336,0.00595905133040775,-0.004127803642569816,0.0005856507936504,0.001247532677988,1.4600000000000029,6.250000000000005,-4.790000000000003,是,有效进攻,是,否,有效进攻,0.0,0.0,0.0,0.0,0.0,0.0,0.0,100.0
2022-10-31,2022-11-07,0.0,看空,0.0,0.0,0.0,0.0,0.0,0.0,0.0,0.0,否,其他,否,否,其他,0.0,0.0,0.0,0.0,0.0,0.0,0.0,0.0
2022-11-07,2022-11-14,1.0,看多,-0.0009090318776383555,-0.0023349392596032637,0.0014259073819649082,0.0005871269841268,-0.0014959665467159668,-1.7499999999999805,-3.3100000000000143,1.5600000000000338,否,其他,否,是,其他,0.0,0.0,0.0,0.0,0.0,0.0,0.0,100.0
2022-11-14,2022-11-21,0.0,看空,0.0,0.0,0.0,0.0,0.0,0.0,0.0,0.0,否,其他,否,否,其他,0.0,0.0,0.0,0.0,0.0,0.0,0.0,0.0
2022-11-21,2022-11-28,0.0,看空,0.0,0.0,0.0,0.0,0.0,0.0,0.0,0.0,否,其他,否,否,其他,0.0,0.0,0.0,0.0,0.0,0.0,0.0,0.0
2022-11-28,2022-12-05,0.0,看空,0.0,0.0,0.0,0.0,0.0,0.0,0.0,0.0,否,其他,否,否,其他,0.0,0.0,0.0,0.0,0.0,0.0,0.0,0.0
2022-12-05,2022-12-12,0.0,看空,0.0,0.0,0.0,0.0,0.0,0.0,0.0,0.0,否,其他,否,否,其他,0.0,0.0,0.0,0.0,0.0,0.0,0.0,0.0
2022-12-12,2022-12-19,0.0,看空,0.0,0.0,0.0,0.0,0.0,0.0,0.0,0.0,否,其他,否,否,其他,0.0,0.0,0.0,0.0,0.0,0.0,0.0,0.0
2022-12-19,2022-12-26,0.0,看空,0.0,0.0,0.0,0.0,0.0,0.0,0.0,0.0,否,其他,否,否,其他,0.0,0.0,0.0,0.0,0.0,0.0,0.0,0.0
2022-12-26,2023-01-02,1.0,看多,-0.001188916581121413,-0.0003213341409570303,-0.0008675824401643828,0.0006088928571427,-0.0017956257082466997,-2.109999999999994,-1.0200000000000142,-1.0899999999999799,否,该空没空,否,是,该空没空,0.0,0.0,0.0,0.0,0.0,0.0,0.0,100.0
2023-01-02,2023-01-09,1.0,看多,0.0010986590798374163,0.0006593335184699178,0.00043932556136749845,0.0004871666666665,0.0006115479378417838,0.7199999999999916,0.2500000000000071,0.46999999999998454,是,有效进攻,是,否,有效进攻,0.0,0.0,0.0,0.0,0.0,0.0,0.0,100.0
2023-01-09,2023-01-16,0.0,看空,0.0,0.0,0.0,0.0,0.0,0.0,0.0,0.0,否,其他,否,否,其他,0.0,0.0,0.0,0.0,0.0,0.0,0.0,0.0
2023-01-16,2023-02-06,0.0,看空,0.0,0.0,0.0,0.0,0.0,0.0,0.0,0.0,否,其他,否,否,其他,0.0,0.0,0.0,0.0,0.0,0.0,0.0,0.0
2023-02-06,2023-02-13,0.0,看空,0.0,0.0,0.0,0.0,0.0,0.0,0.0,0.0,否,其他,否,否,其他,0.0,0.0,0.0,0.0,0.0,0.0,0.0,0.0
2023-02-13,2023-02-20,0.0,看空,0.0,0.0,0.0,0.0,0.0,0.0,0.0,0.0,否,其他,否,否,其他,0.0,0.0,0.0,0.0,0.0,0.0,0.0,0.0
2023-02-20,2023-02-27,0.0,看空,0.0,0.0,0.0,0.0,0.0,0.0,0.0,0.0,否,其他,否,否,其他,0.0,0.0,0.0,0.0,0.0,0.0,0.0,0.0
2023-02-27,2023-03-06,1.0,看多,0.0011440286554376122,0.0014325648322426332,-0.00028853617680502097,0.0006081944444441001,0.0005354425788910319,0.6300000000000057,0.999999999999994,-0.36999999999998834,是,有效进攻,是,否,有效进攻,0.0,0.0,0.0,0.0,0.0,0.0,0.0,100.0
2023-03-06,2023-03-13,1.0,看多,0.001453137838316465,0.003998827018581785,-0.0025456891802653203,0.0006050198412695001,0.0008492099498366998,0.9999999999999942,3.99,-2.990000000000006,是,有效进攻,是,否,有效进攻,0.0,0.0,0.0,0.0,0.0,0.0,0.0,100.0
2023-03-13,2023-03-20,1.0,看多,0.0005875624598083995,0.0007819888759812432,-0.00019442641617284373,0.0006060198412696,-1.760527839154123e-05,-0.01999999999998503,0.25000000000000716,-0.2699999999999922,否,其他,是,否,有效进攻,0.0,0.0,0.0,0.0,0.0,0.0,0.0,100.0
2023-03-20,2023-03-27,0.0,看空,0.0,0.0,0.0,0.0,0.0,0.0,0.0,0.0,否,其他,否,否,其他,0.0,0.0,0.0,0.0,0.0,0.0,0.0,0.0
2023-03-27,2023-04-03,0.0,看空,0.0,0.0,0.0,0.0,0.0,0.0,0.0,0.0,否,其他,否,否,其他,0.0,0.0,0.0,0.0,0.0,0.0,0.0,0.0
2023-04-03,2023-04-10,0.0,看空,0.0,0.0,0.0,0.0,0.0,0.0,0.0,0.0,否,其他,否,否,其他,0.0,0.0,0.0,0.0,0.0,0.0,0.0,0.0
2023-04-10,2023-04-17,1.0,看多,0.0018740457006514166,0.00213316348635173,-0.0002591177857003135,0.0005946865079362,0.0012787777354365997,1.4999999999999738,1.8299999999999907,-0.33000000000001695,是,有效进攻,是,否,有效进攻,0.0,0.0,0.0,0.0,0.0,0.0,0.0,100.0
2023-04-17,2023-04-24,1.0,看多,0.0016776240672198295,0.0007580258580524024,0.0009195982091674271,0.0005943452380951,0.001083242338014,1.270000000000021,0.23000000000002196,1.039999999999999,是,有效进攻,是,否,有效进攻,0.0,0.0,0.0,0.0,0.0,0.0,0.0,100.0
2023-04-24,2023-05-01,0.0,看空,0.0,0.0,0.0,0.0,0.0,0.0,0.0,0.0,否,其他,否,否,其他,0.0,0.0,0.0,0.0,0.0,0.0,0.0,0.0
2023-05-01,2023-05-08,1.0,看多,0.002670305870737355,0.004108292157092297,-0.001437986286354942,0.000236365079365,0.002432824320783,2.8500000000010117,4.49999999999999,-1.6499999999989785,是,有效进攻,是,否,有效进攻,0.0,0.0,0.0,0.0,0.0,0.0,0.0,100.0
2023-05-08,2023-05-15,1.0,看多,0.0036735007240651374,0.0029622507940223475,0.0007112499300427899,0.0005845515873014,0.0030861677832696,3.6099999999989962,2.8000000000000247,0.8099999999989715,是,有效进攻,是,否,有效进攻,0.0,0.0,0.0,0.0,0.0,0.0,0.0,100.0
2023-05-15,2023-05-22,1.0,看多,0.0014863283577037922,-0.0002680551788248886,0.0017543835365286808,0.00057846031746,0.0009075242419661012,1.0600000000009908,-0.9300000000000278,1.9900000000010185,是,其他,否,否,其他,0.0,0.0,0.0,0.0,0.0,0.0,0.0,100.0
2023-05-22,2023-05-29,1.0,看多,0.000566161638382523,6.647671062776084e-05,0.0004996849277547621,0.0005770714285711,-9.490531758497592e-06,-0.01000000000098153,-0.5399999999999849,0.5299999999990034,否,其他,是,否,有效进攻,0.0,0.0,0.0,0.0,0.0,0.0,0.0,100.0
2023-05-29,2023-06-05,1.0,看多,0.0007268613918889333,0.002731480509360118,-0.0020046191174711847,0.0005767142857141,0.00015261889037037485,0.1800000000009785,2.540000000000007,-2.3599999999990287,是,有效进攻,是,否,有效进攻,0.0,0.0,0.0,0.0,0.0,0.0,0.0,100.0
2023-06-05,2023-06-12,1.0,看多,0.0019295053003174356,0.002685162659665119,-0.0007556573593476834,0.0005759087301584,0.0013534185466889002,1.5799999999990126,2.4799999999999818,-0.9000000000009691,是,有效进攻,是,否,有效进攻,0.0,0.0,0.0,0.0,0.0,0.0,0.0,100.0
2023-06-12,2023-06-19,1.0,看多,0.0016637507512176075,0.001173126025592941,0.0004906247256246665,0.0005724007936506,0.0010950318877466,1.2800000000010026,0.7700000000010139,0.5099999999999887,是,有效进攻,是,否,有效进攻,0.0,0.0,0.0,0.0,0.0,0.0,0.0,100.0
2023-06-19,2023-06-26,0.0,看空,0.0,0.0,0.0,0.0,0.0,0.0,0.0,0.0,否,其他,否,否,其他,0.0,0.0,0.0,0.0,0.0,0.0,0.0,0.0
2023-06-26,2023-07-03,0.0,看空,0.0,0.0,0.0,0.0,0.0,0.0,0.0,0.0,否,其他,否,否,其他,0.0,0.0,0.0,0.0,0.0,0.0,0.0,0.0
2023-07-03,2023-07-10,0.0,看空,0.0,0.0,0.0,0.0,0.0,0.0,0.0,0.0,否,其他,否,否,其他,0.0,0.0,0.0,0.0,0.0,0.0,0.0,0.0
2023-07-10,2023-07-17,1.0,看多,0.004360455540362684,0.00016710616983295346,0.004193349370529731,0.0005758928571426,0.0037803455484279,4.409999999998998,-0.40999999999999365,4.819999999998992,是,其他,是,否,有效进攻,0.0,0.0,0.0,0.0,0.0,0.0,0.0,100.0
2023-07-17,2023-07-24,1.0,看多,0.002588707153480252,0.0036995109227437872,-0.0011108037692635353,0.0005676706349203001,0.0020189142380487024,2.3500000000000254,3.6500000000009787,-1.3000000000009533,是,有效进攻,是,否,有效进攻,0.0,0.0,0.0,0.0,0.0,0.0,0.0,100.0
2023-07-24,2023-07-31,1.0,看多,-0.0008271197597939928,-0.003452893707776905,0.0026257739479829123,0.0005661746031745001,-0.00138213795088,-1.6000000000000045,-4.540000000001002,2.9400000000009974,否,其他,否,是,其他,0.0,0.0,0.0,0.0,0.0,0.0,0.0,100.0
2023-07-31,2023-08-07,0.0,看空,0.0,0.0,0.0,0.0,0.0,0.0,0.0,0.0,否,其他,否,否,其他,0.0,0.0,0.0,0.0,0.0,0.0,0.0,0.0
2023-08-07,2023-08-14,1.0,看多,0.002607394564887233,0.0012897956391115795,0.0013175989257756537,0.0005729087301584,0.0020325738042115088,2.3700000000000108,0.879999999999978,1.4900000000000326,是,有效进攻,是,否,有效进攻,0.0,0.0,0.0,0.0,0.0,0.0,0.0,100.0
2023-08-14,2023-08-21,1.0,看多,0.007835488521444667,0.006983516399022394,0.0008519721224222732,0.0005634999999997,0.0072486265464147,8.43,7.420000000000031,1.0099999999999687,是,有效进攻,是,否,有效进攻,0.0,0.0,0.0,0.0,0.0,0.0,0.0,100.0
2023-08-21,2023-08-28,1.0,看多,0.0003298750216256252,-4.929278097398626e-05,0.00037916780259961147,0.0005562420634918,-0.00021958946945880008,-0.25000000000000755,-0.6300000000000051,0.37999999999999756,否,其他,否,否,其他,0.0,0.0,0.0,0.0,0.0,0.0,0.0,100.0
2023-08-28,2023-09-04,1.0,看多,0.000122788708175392,-0.0007875974239750505,0.0009103861321504425,0.0005546547619045,-0.00043131599254765,-0.5000000000000142,-1.4799999999990172,0.979999999999003,否,其他,否,否,其他,0.0,0.0,0.0,0.0,0.0,0.0,0.0,100.0
2023-09-04,2023-09-11,1.0,看多,-0.005276271462348547,-0.004048338265457141,-0.0012279331968914065,0.0005600873015870999,-0.0058451522956953,-6.789999999998984,-5.250000000000983,-1.5399999999980007,否,该空没空,否,是,该空没空,0.0,0.0,0.0,0.0,0.0,0.0,0.0,100.0
2023-09-11,2023-09-18,0.0,看空,0.0,0.0,0.0,0.0,0.0,0.0,0.0,0.0,否,其他,否,否,其他,0.0,0.0,0.0,0.0,0.0,0.0,0.0,0.0
2023-09-18,2023-09-25,0.0,看空,0.0,0.0,0.0,0.0,0.0,0.0,0.0,0.0,否,其他,否,否,其他,0.0,0.0,0.0,0.0,0.0,0.0,0.0,0.0
2023-09-25,2023-10-16,1.0,看多,-0.0005259739971484878,0.001593203980570168,-0.002119177977718656,0.0010390595238089998,-0.0015615140440358676,-1.819999999999982,0.7400000000000118,-2.559999999999994,否,其他,是,是,其他,0.0,0.0,0.0,0.0,0.0,0.0,0.0,100.0
2023-10-16,2023-10-23,0.0,看空,0.0,0.0,0.0,0.0,0.0,0.0,0.0,0.0,否,其他,否,否,其他,0.0,0.0,0.0,0.0,0.0,0.0,0.0,0.0
2023-10-23,2023-10-30,0.0,看空,0.0,0.0,0.0,0.0,0.0,0.0,0.0,0.0,否,其他,否,否,其他,0.0,0.0,0.0,0.0,0.0,0.0,0.0,0.0
2023-10-30,2023-11-06,0.0,看空,0.0,0.0,0.0,0.0,0.0,0.0,0.0,0.0,否,其他,否,否,其他,0.0,0.0,0.0,0.0,0.0,0.0,0.0,0.0
2023-11-06,2023-11-13,0.0,看空,0.0,0.0,0.0,0.0,0.0,0.0,0.0,0.0,否,其他,否,否,其他,0.0,0.0,0.0,0.0,0.0,0.0,0.0,0.0
2023-11-13,2023-11-20,1.0,看多,0.00012684054119249666,-0.00016981049523512315,0.0002966510364276198,0.0005970873015871,-0.00046953666626870004,-0.5499999999999949,-0.8000000000000022,0.2500000000000072,否,其他,否,否,其他,0.0,0.0,0.0,0.0,0.0,0.0,0.0,100.0
2023-11-20,2023-11-27,1.0,看多,0.0018232893015637242,-0.004052770345616241,0.005876059647179965,0.0005971428571427,0.001227036125090387,1.4399999999999828,-5.2899999999990115,6.729999999998994,是,其他,否,否,其他,0.0,0.0,0.0,0.0,0.0,0.0,0.0,100.0
2023-11-27,2023-12-04,1.0,看多,0.0026414334586581933,0.004248520328899774,-0.0016070868702415808,0.0005969007936505,0.0020517386655877004,2.4100000000000166,4.279999999999006,-1.8699999999989898,是,有效进攻,是,否,有效进攻,0.0,0.0,0.0,0.0,0.0,0.0,0.0,100.0
2023-12-04,2023-12-11,0.0,看空,0.0,0.0,0.0,0.0,0.0,0.0,0.0,0.0,否,其他,否,否,其他,0.0,0.0,0.0,0.0,0.0,0.0,0.0,0.0
2023-12-11,2023-12-18,1.0,看多,0.0035228960588860048,0.004078593438047173,-0.0005556973791611686,0.0005841468253967,0.0029344881915711,3.4299999999999953,4.089999999999996,-0.660000000000001,是,有效进攻,是,否,有效进攻,0.0,0.0,0.0,0.0,0.0,0.0,0.0,100.0
2023-12-18,2024-01-08,1.0,看多,0.012283046613122517,0.010643117247999712,0.0016399293651228053,0.0015925079365073998,0.010624663730204098,12.370000000000022,10.520000000000008,1.8500000000000139,是,有效进攻,是,否,有效进攻,0.0,0.0,0.0,0.0,0.0,0.0,0.0,100.0
2024-01-08,2024-01-15,0.0,看空,0.0,0.0,0.0,0.0,0.0,0.0,0.0,0.0,否,其他,否,否,其他,0.0,0.0,0.0,0.0,0.0,0.0,0.0,0.0
2024-01-15,2024-01-22,0.0,看空,0.0,0.0,0.0,0.0,0.0,0.0,0.0,0.0,否,其他,否,否,其他,,,,,,,,
2024-01-22,2024-01-29,1.0,看多,0.0017080742578532426,0.0007833947225845961,0.0009246795352686465,0.0005400793650792,0.0011675481120831,1.3499999999989911,0.33000000000001806,1.019999999998973,是,有效进攻,是,否,有效进攻,,,,,,,,
2024-01-29,2024-02-05,0.0,看空,0.0,0.0,0.0,0.0,0.0,0.0,0.0,0.0,否,其他,否,否,其他,,,,,,,,
2024-02-05,2024-02-26,1.0,看多,0.007018131849652054,0.002899507606952012,0.004118624242700042,0.0009342420634916001,0.006078900580724348,6.999999999999992,2.3499999999990195,4.650000000000972,是,有效进攻,是,否,有效进攻,,,,,,,,
2024-02-26,2024-03-04,1.0,看多,-0.00030089133970667703,0.003395780025773343,-0.00369667136548002,0.0005110277777775,-0.0008055095563218998,-0.919999999999983,3.3399999999999754,-4.259999999999959,否,其他,是,是,其他,,,,,,,,
2024-03-04,2024-03-11,1.0,看多,0.007443758723061578,0.00797112683808554,-0.0005273681150239629,0.0005062460317459301,0.0069181086504584,7.9299999999999855,8.5,-0.5700000000000145,是,有效进攻,是,否,有效进攻,,,,,,,,
2024-03-11,2024-03-18,1.0,看多,-0.001171623151018597,-0.0028704044539112905,0.0016987813028926935,0.0005014999999998075,-0.0016714232358165998,-1.909999999998995,-3.7499999999999685,1.8400000000009735,否,其他,否,是,其他,,,,,,,,
2024-03-18,2024-03-25,0.0,看空,0.0,0.0,0.0,0.0,0.0,0.0,0.0,0.0,否,其他,否,否,其他,,,,,,,,
2024-03-25,2024-04-01,1.0,看多,0.0005855819660887107,0.0017769783816778961,-0.0011913964155891854,0.000501964285714,8.595433686490013e-05,0.0999999999989899,1.5000000000009797,-1.4000000000019899,是,有效进攻,是,否,有效进攻,,,,,,,,
2024-04-01,2024-04-08,0.0,看空,0.0,0.0,0.0,0.0,0.0,0.0,0.0,0.0,否,其他,否,否,其他,,,,,,,,
2024-04-08,2024-04-15,1.0,看多,0.0031421366590904665,0.000451423433375453,0.0026907132257150135,0.0004962063492063484,0.0026429324119431,3.019999999998996,-1.1102230246251565e-16,3.019999999998996,是,其他,是,否,有效进攻,,,,,,,,
2024-04-15,2024-04-22,1.0,看多,0.0015647644931084947,0.0023634420868261508,-0.000798677593717656,0.00039130555555555555,0.0011732271907206001,1.3400000000000214,2.2599999999989993,-0.9199999999989779,是,有效进攻,是,否,有效进攻,,,,,,,,
2024-04-22,2024-04-29,1.0,看多,0.001282164211342085,-0.004389574886847991,0.005671739098190076,0.0004802817460317456,0.000810806638689,0.9299999999999935,-5.439999999998987,6.3699999999989805,是,其他,否,否,其他,,,,,,,,
2024-04-29,2024-05-06,1.0,看多,0.0001444731031152724,0.0006523150422956814,-0.000507841939180409,0.00019559126984126983,-2.4487002499199752e-05,-0.009999999999004139,0.5599999999989986,-0.5699999999980028,否,其他,是,否,有效进攻,,,,,,,,
2024-05-06,2024-05-13,0.0,看空,0.0,0.0,0.0,0.0,0.0,0.0,0.0,0.0,否,其他,否,否,其他,,,,,,,,
2024-05-13,2024-05-20,1.0,看多,0.003250337725955399,0.0008500296633411342,0.0024003080626142648,0.0004921230158730159,0.0027566823343039486,3.1500000000009996,0.4499999999989923,2.7000000000020075,是,有效进攻,是,否,有效进攻,,,,,,,,
2024-05-20,2024-05-27,0.0,看空,0.0,0.0,0.0,0.0,0.0,0.0,0.0,0.0,否,其他,否,否,其他,,,,,,,,
2024-05-27,2024-06-03,1.0,看多,0.0010742311943781058,0.0022927650778363784,-0.0012185338834582726,0.0004879523809523802,0.000586830538592739,0.6699999999990047,2.0799999999999983,-1.4100000000009936,是,有效进攻,是,否,有效进攻,,,,,,,,
2024-06-03,2024-06-10,0.0,看空,0.0,0.0,0.0,0.0,0.0,0.0,0.0,0.0,否,其他,否,否,其他,,,,,,,,
2024-06-10,2024-06-17,1.0,看多,0.0028720301589142405,0.0027992814718342807,7.274868707995985e-05,0.00038061507936507934,0.002489026512915987,2.8300000000000196,2.7500000000009805,0.07999999999903906,是,有效进攻,是,否,有效进攻,,,,,,,,
2024-06-17,2024-06-24,0.0,看空,0.0,0.0,0.0,0.0,0.0,0.0,0.0,0.0,否,其他,否,否,其他,,,,,,,,
2024-06-24,2024-07-01,1.0,看多,0.0032623306301662325,0.005004146151600164,-0.0017418155214339315,0.00046815476190476153,0.00279292901983,3.1700000000000133,5.129999999998989,-1.959999999998976,是,有效进攻,是,否,有效进攻,,,,,,,,
2024-07-01,2024-07-08,1.0,看多,0.00014098406705564948,-0.005729952327066967,0.005870936394122617,0.00046722619047619043,-0.0003152802047048,-0.35000000000000364,-6.9599999999999875,6.6099999999999834,否,其他,否,否,其他,,,,,,,,
2024-07-08,2024-07-15,0.0,看空,0.0,0.0,0.0,0.0,0.0,0.0,0.0,0.0,否,其他,否,否,其他,,,,,,,,
2024-07-15,2024-07-22,1.0,看多,0.0003526417109602775,0.000934306394414719,-0.0005816646834544414,0.0003714087301587302,-1.8101090879303074e-05,-0.01999999999998514,0.650000000000997,-0.6700000000009821,否,其他,是,否,有效进攻,,,,,,,,
2024-07-22,2024-07-29,1.0,看多,0.003981165739289638,0.006402446671589512,-0.002421280932299874,0.0004620595238095238,0.0035147877988225,3.9800000000009974,6.700000000000976,-2.719999999999979,是,有效进攻,是,否,有效进攻,,,,,,,,
2024-07-29,2024-08-05,1.0,看多,0.004885413404750016,0.006377060934783518,-0.001491647530033502,0.000451099206349206,0.0044262617668588,4.999999999998998,6.669999999999003,-1.6700000000000053,是,有效进攻,是,否,有效进攻,,,,,,,,
2024-08-05,2024-08-12,1.0,看多,0.00013996373803348838,-0.005884328815392914,0.0060242925534264025,0.0004417738095238091,-0.0002904334799260998,-0.32000000000000783,-7.089999999999978,6.769999999999969,否,其他,否,否,其他,,,,,,,,
2024-08-12,2024-08-19,1.0,看多,-0.001890738067186315,0.00048368350438310337,-0.0023744215715694184,0.0004533095238095234,-0.0023305289048445007,-2.6199999999999832,0.07999999999997587,-2.6999999999999593,否,其他,是,是,其他,,,,,,,,
2024-08-19,2024-08-26,0.0,看空,0.0,0.0,0.0,0.0,0.0,0.0,0.0,0.0,否,其他,否,否,其他,,,,,,,,
2024-08-26,2024-09-02,0.0,看空,0.0,0.0,0.0,0.0,0.0,0.0,0.0,0.0,否,其他,否,否,其他,,,,,,,,
2024-09-02,2024-09-09,0.0,看空,0.0,0.0,0.0,0.0,0.0,0.0,0.0,0.0,否,其他,否,否,其他,,,,,,,,
2024-09-09,2024-09-16,0.0,看空,0.0,0.0,0.0,0.0,0.0,0.0,0.0,0.0,否,其他,否,否,其他,,,,,,,,
2024-09-16,2024-09-23,1.0,看多,0.0011190130864648928,0.0028654977384332536,-0.0017464846519683608,0.00025798412698412694,0.0008625908685472999,0.9699999999999984,2.9300000000009874,-1.960000000000989,是,有效进攻,是,否,有效进攻,,,,,,,,
2024-09-23,2024-09-30,1.0,看多,-0.007145514650259255,-0.011065469126287808,0.003919954476028553,0.00042902380952380915,-0.0075717118384541005,-8.5,-12.830000000001,4.330000000001,否,其他,否,是,其他,,,,,,,,
2024-09-30,2024-10-07,0.0,看空,0.0,0.0,0.0,0.0,0.0,0.0,0.0,0.0,否,其他,否,否,其他,,,,,,,,
2024-10-07,2024-10-14,0.0,看空,0.0,0.0,0.0,0.0,0.0,0.0,0.0,0.0,否,其他,否,否,其他,,,,,,,,
2024-10-14,2024-10-21,0.0,看空,0.0,0.0,0.0,0.0,0.0,0.0,0.0,0.0,否,其他,否,否,其他,,,,,,,,
2024-10-21,2024-10-28,1.0,看多,-0.002888555524383274,-0.0025207373071699513,-0.00036781821721332264,0.000450444444444444,-0.003339202838818,-3.770000000000023,-3.3000000000000047,-0.4700000000000184,否,该空没空,否,是,该空没空,,,,,,,,
2024-10-28,2024-11-04,0.0,看空,0.0,0.0,0.0,0.0,0.0,0.0,0.0,0.0,否,其他,否,否,其他,,,,,,,,
2024-11-04,2024-11-11,0.0,看空,0.0,0.0,0.0,0.0,0.0,0.0,0.0,0.0,否,其他,否,否,其他,,,,,,,,
2024-11-11,2024-11-18,1.0,看多,0.0015989356701244795,0.0014719976294890191,0.00012693804063546033,0.0004474365079365079,0.0011514128042301119,1.2999999999999818,1.189999999999976,0.11000000000000587,是,有效进攻,是,否,有效进攻,,,,,,,,
2024-11-18,2024-11-25,1.0,看多,-0.0014573240182119696,0.0014481595519784118,-0.0029054835701903814,0.00045020238095238056,-0.0019063021843344998,-2.1499999999999995,1.1600000000000152,-3.3100000000000147,否,其他,是,是,其他,,,,,,,,
2024-11-25,2024-12-02,1.0,看多,0.006804710828336447,0.006027627256834922,0.0007770835715015245,0.0004458690476190472,0.0063405882163299,7.150000000001009,6.260000000000015,0.8900000000009944,是,有效进攻,是,否,有效进攻,,,,,,,,
2024-12-02,2024-12-09,1.0,看多,0.010456746654846416,0.006391028193796888,0.004065718461049528,0.00042563095238095153,0.009992665778997099,11.219999999999011,6.669999999999974,4.549999999999037,是,有效进攻,是,否,有效进攻,,,,,,,,
2024-12-09,2024-12-16,1.0,看多,0.015470233789009136,0.016442534881558224,-0.0009723010925490883,0.0003995912698412694,0.014996818063396599,16.73000000000001,17.680000000000025,-0.9500000000000135,是,有效进攻,是,否,有效进攻,,,,,,,,
2024-12-16,2024-12-23,1.0,看多,0.005624822210773095,0.007189324870993996,-0.0015645026602209011,0.0003768134920634921,0.0052479562481237,5.819999999999991,7.530000000000003,-1.7100000000000115,是,有效进攻,是,否,有效进攻,,,,,,,,
2024-12-23,2025-01-06,0.0,看空,0.0,0.0,0.0,0.0,0.0,0.0,0.0,0.0,否,其他,否,否,其他,,,,,,,,
2025-01-06,2025-01-13,0.0,看空,0.0,0.0,0.0,0.0,0.0,0.0,0.0,0.0,否,其他,否,否,其他,,,,,,,,
2025-01-13,2025-01-20,0.0,看空,0.0,0.0,0.0,0.0,0.0,0.0,0.0,0.0,否,其他,否,否,其他,,,,,,,,
2025-01-20,2025-01-27,0.0,看空,0.0,0.0,0.0,0.0,0.0,0.0,0.0,0.0,否,其他,否,否,其他,,,,,,,,
2025-01-27,2025-02-03,0.0,看空,0.0,0.0,0.0,0.0,0.0,0.0,0.0,0.0,否,其他,否,否,其他,,,,,,,,
2025-02-03,2025-02-10,1.0,看多,0.0014110137975251735,0.0026377915680120267,-0.0012267777704868532,0.00021329365079365077,0.0011978999657508,1.3200000000000018,2.6699999999989927,-1.349999999998991,是,有效进攻,是,否,有效进攻,,,,,,,,
2025-02-10,2025-02-17,1.0,看多,0.0007622894672023595,-0.004384913448330585,0.005147202915532945,0.0003538888888888889,0.00040854890502014585,0.44999999999999907,-5.140000000000006,5.590000000000005,是,其他,否,否,其他,,,,,,,,
2025-02-17,2025-02-24,1.0,看多,-0.006820603245627055,-0.005653427117287335,-0.0011671761283397197,0.00035992063492063496,-0.007194923512064501,-7.929999999999014,-6.539999999999984,-1.3899999999990298,否,该空没空,否,是,该空没空,,,,,,,,
2025-02-24,2025-03-03,0.0,看空,0.0,0.0,0.0,0.0,0.0,0.0,0.0,0.0,否,其他,否,否,其他,,,,,,,,
2025-03-03,2025-03-10,0.0,看空,0.0,0.0,0.0,0.0,0.0,0.0,0.0,0.0,否,其他,否,否,其他,,,,,,,,
2025-03-10,2025-03-17,0.0,看空,0.0,0.0,0.0,0.0,0.0,0.0,0.0,0.0,否,其他,否,否,其他,,,,,,,,
2025-03-17,2025-03-24,0.0,看空,0.0,0.0,0.0,0.0,0.0,0.0,0.0,0.0,否,其他,否,否,其他,,,,,,,,
2025-03-24,2025-03-31,1.0,看多,0.0013236303729553534,0.003367330572122018,-0.002043700199166665,0.00041237301587301547,0.0009177797900765006,1.0300000000009955,3.3199999999999896,-2.289999999998994,是,有效进攻,是,否,有效进攻,,,,,,,,
2025-03-31,2025-04-07,1.0,看多,0.01028573773055319,0.008892625887318983,0.0013931118432342071,0.00032385714285714244,0.009929714811665,11.069999999998998,9.45999999999999,1.6099999999990082,是,有效进攻,是,否,有效进攻,,,,,,,,
2025-04-07,2025-04-14,1.0,看多,0.00283240418297237,0.005877373120800611,-0.0030449689378282407,0.0003807460317460313,0.0024729240429797,2.7599999999999847,6.120000000000014,-3.3600000000000296,是,有效进攻,是,否,有效进攻,,,,,,,,
2025-04-14,2025-04-21,1.0,看多,0.0007363693497177692,0.0006814048341940993,5.496451552366999e-05,0.00030479761904761904,0.0004323810562080052,0.47999999999999443,0.4600000000000092,0.019999999999985252,是,有效进攻,是,否,有效进攻,,,,,,,,
2025-04-21,2025-04-28,1.0,看多,0.00167512284891691,-0.0007085924578639213,0.0023837153067808314,0.0003773531746031742,0.0012985591958642939,1.4399999999999828,-1.1299999999999852,2.5699999999999683,是,其他,否,否,其他,,,,,,,,
2025-04-28,2025-05-05,1.0,看多,0.004783135643400271,0.00351937800142621,0.0012637576419740615,0.0002244484126984123,0.0045535074243193,5.04000000000001,3.6299999999999875,1.4100000000000223,是,有效进攻,是,否,有效进攻,,,,,,,,
2025-05-05,2025-05-12,1.0,看多,0.0011945255225840334,-0.0007314554903165016,0.001925981012900535,0.0002927579365079361,0.0009039518178490999,0.999999999999994,-1.080000000000004,2.0799999999999983,是,其他,否,否,其他,,,,,,,,
2025-05-12,2025-05-19,1.0,看多,-0.0019011896039535792,-0.0037249173982427664,0.0018237277942891872,0.00036865873015873014,-0.0022662812905043994,-2.5000000000000027,-4.4199999999999795,1.9199999999999768,否,其他,否,是,其他,,,,,,,,
2025-05-19,2025-05-26,0.0,看空,0.0,0.0,0.0,0.0,0.0,0.0,0.0,0.0,否,其他,否,否,其他,,,,,,,,
2025-05-26,2025-06-02,1.0,看多,-0.0007162112297821599,0.004863137155764585,-0.005579348385546745,0.00037043650793650755,-0.0010860442854185998,-1.2000000000000204,4.959999999999999,-6.16000000000002,否,其他,是,是,其他,,,,,,,,
2025-06-02,2025-06-09,1.0,看多,0.0020618737702662315,0.0017726452756778865,0.000289228494588345,0.00029630952380952383,0.0017640339702683998,1.9500000000000073,1.6500000000000195,0.29999999999998783,是,有效进攻,是,否,有效进攻,,,,,,,,
2025-06-09,2025-06-16,0.0,看空,0.0,0.0,0.0,0.0,0.0,0.0,0.0,0.0,否,其他,否,否,其他,,,,,,,,
2025-06-16,2025-06-23,1.0,看多,0.0019068399537318648,0.0007280453789355601,0.0011787945747963047,0.00035599603174603134,0.0015512978718025,1.7100000000000104,0.439999999999989,1.2700000000000213,是,有效进攻,是,否,有效进攻,,,,,,,,
2025-06-23,2025-06-30,1.0,看多,-9.998992418025487e-05,-0.000278427083339583,0.00017843715915932812,0.00035555555555555514,-0.00045464157845260004,-0.5000000000000143,-0.6600000000000008,0.1599999999999865,否,其他,否,是,其他,,,,,,,,
2025-06-30,2025-07-07,1.0,看多,0.002854776037312323,0.0005913784648208242,0.002263397572491499,0.00035505952380952377,0.0024978730211148,2.7500000000000098,0.2900000000000125,2.4599999999999973,是,有效进攻,是,否,有效进攻,,,,,,,,
2025-07-07,2025-07-14,1.0,看多,-0.0005604783417959558,-0.0016862282410268215,0.0011257498992308657,0.00035032142857142857,-0.0009098402865164038,-0.9999999999999938,-2.2000000000000144,1.2000000000000206,否,其他,否,是,其他,,,,,,,,
2025-07-14,2025-07-21,1.0,看多,0.0012635478463518535,0.0004719849820731259,0.0007915628642787276,0.00028175396825396825,0.0009816093337586,1.0799999999999699,0.23000000000002177,0.8499999999999481,是,有效进攻,是,否,有效进攻,,,,,,,,
2025-07-21,2025-07-28,0.0,看空,0.0,0.0,0.0,0.0,0.0,0.0,0.0,0.0,否,其他,否,否,其他,,,,,,,,
2025-07-28,2025-08-04,0.0,看空,0.0,0.0,0.0,0.0,0.0,0.0,0.0,0.0,否,其他,否,否,其他,,,,,,,,
2025-08-04,2025-08-11,1.0,看多,0.00016958511579767688,0.0018715106861098008,-0.0017019255703121239,0.00036169047619047617,-0.00019104303076730015,-0.2100000000000016,1.6800000000000148,-1.8900000000000163,否,其他,是,否,有效进攻,,,,,,,,
2025-08-11,2025-08-18,0.0,看空,0.0,0.0,0.0,0.0,0.0,0.0,0.0,0.0,否,其他,否,否,其他,,,,,,,,
2025-08-18,2025-08-25,0.0,看空,0.0,0.0,0.0,0.0,0.0,0.0,0.0,0.0,否,其他,否,否,其他,,,,,,,,
2025-08-25,2025-09-01,0.0,看空,0.0,0.0,0.0,0.0,0.0,0.0,0.0,0.0,否,其他,否,否,其他,,,,,,,,
2025-09-01,2025-09-08,1.0,看多,0.0008213811736477172,0.001433182036726599,-0.0006118008630788818,0.00039671825396825317,0.0004285621944103003,0.47999999999902343,1.1900000000000106,-0.7100000000009872,是,有效进攻,是,否,有效进攻,,,,,,,,
2025-09-08,2025-09-15,1.0,看多,-0.0014941017833084436,-0.003354625407952949,0.0018605236246445056,0.0004009920634920635,-0.0018947264307043056,-2.1100000000000283,-4.100000000000007,1.9899999999999785,否,其他,否,是,其他,,,,,,,,
2025-09-15,2025-09-22,0.0,看空,0.0,0.0,0.0,0.0,0.0,0.0,0.0,0.0,否,其他,否,否,其他,,,,,,,,
2025-09-22,2025-09-29,1.0,看多,-0.0011953729447566896,0.0005544026000243729,-0.0017497755447810626,0.00040544841269841275,-0.0015926071535911001,-1.770000000000001,0.2100000000000024,-1.9800000000000033,否,其他,是,是,其他,,,,,,,,
2025-09-29,2025-10-06,0.0,看空,0.0,0.0,0.0,0.0,0.0,0.0,0.0,0.0,否,其他,否,否,其他,,,,,,,,
2025-10-06,2025-10-13,1.0,看多,-0.0006616502406689984,0.0014593494466312862,-0.0021209996873002845,0.00016268650793650755,-0.0008242534364685392,-0.9200000000009896,1.4499999999999929,-2.3700000000009824,否,其他,是,是,其他,,,,,,,,
2025-10-13,2025-10-20,0.0,看空,0.0,0.0,0.0,0.0,0.0,0.0,0.0,0.0,否,其他,否,否,其他,,,,,,,,
2025-10-20,2025-10-27,0.0,看空,0.0,0.0,0.0,0.0,0.0,0.0,0.0,0.0,否,其他,否,否,其他,,,,,,,,
2025-10-27,2025-11-03,1.0,看多,0.0013916180776127884,0.0051929991756951566,-0.003801381098082368,0.00040416666666666666,0.0009919492895779003,1.1100000000000008,5.319999999999977,-4.209999999999976,是,有效进攻,是,否,有效进攻,,,,,,,,
2025-11-03,2025-11-10,1.0,看多,0.0037697504643863233,-0.0013496103385125524,0.005119360802898876,0.00040068650793650756,0.003364652652506431,3.7500000000000036,-1.8799999999999721,5.629999999999976,是,其他,否,否,其他,,,,,,,,
2025-11-10,2025-11-17,1.0,看多,0.0002904959612208824,0.0003773242037736768,-8.682824255279442e-05,0.00039380555555555555,-0.00010049247050542194,-0.11000000000000548,0.01999999999998528,-0.12999999999999076,否,其他,是,否,有效进攻,,,,,,,,
2025-11-17,2025-11-24,0.0,看空,0.0,0.0,0.0,0.0,0.0,0.0,0.0,0.0,否,其他,否,否,其他,,,,,,,,
2025-11-24,2025-12-01,0.0,看空,0.0,0.0,0.0,0.0,0.0,0.0,0.0,0.0,否,其他,否,否,其他,,,,,,,,
2025-12-01,2025-12-08,0.0,看空,0.0,0.0,0.0,0.0,0.0,0.0,0.0,0.0,否,其他,否,否,其他,,,,,,,,
2025-12-08,2025-12-15,0.0,看空,0.0,0.0,0.0,0.0,0.0,0.0,0.0,0.0,否,其他,否,否,其他,,,,,,,,
2025-12-15,2025-12-22,0.0,看空,0.0,0.0,0.0,0.0,0.0,0.0,0.0,0.0,否,其他,否,否,其他,,,,,,,,
2025-12-22,2025-12-29,0.0,看空,0.0,0.0,0.0,0.0,0.0,0.0,0.0,0.0,否,其他,否,否,其他,,,,,,,,
2025-12-29,2026-01-05,1.0,看多,-0.001647454602009435,-0.0006614332379374366,-0.0009860213640719984,0.00024376984126984124,-0.0018911950388474002,-2.109999999999994,-0.9699999999999986,-1.1399999999999955,否,该空没空,否,是,该空没空,,,,,,,,
2026-01-05,2026-01-12,1.0,看多,-0.0008084595407091832,-0.002429078265383633,0.0016206187246744497,0.0004116269841269841,-0.0012184712783046732,-1.3600000000000074,-3.0900000000000034,1.729999999999996,否,其他,否,是,其他,,,,,,,,
2026-01-12,2026-01-19,0.0,看空,0.0,0.0,0.0,0.0,0.0,0.0,0.0,0.0,否,其他,否,否,其他,,,,,,,,
2026-01-19,2026-01-26,0.0,看空,0.0,0.0,0.0,0.0,0.0,0.0,0.0,0.0,否,其他,否,否,其他,,,,,,,,
2026-01-26,2026-02-02,1.0,看多,-0.0009371302424144856,0.0020482120894904643,-0.00298534233190495,0.0003964126984126984,-0.0013317390079729567,-1.4799999999999884,1.859999999999987,-3.3399999999999754,否,其他,是,是,其他,,,,,,,,
2026-02-02,2026-02-09,1.0,看多,0.000475602438853695,0.0004503918378191418,2.5210601034553193e-05,0.00039598809523809487,8.037605856318138e-05,0.08999999999998587,0.09999999999999587,-0.010000000000010001,是,有效进攻,是,否,有效进攻,,,,,,,,
2026-02-09,2026-03-02,1.0,看多,0.00038101107363530673,0.0026758762038285866,-0.00229486513019328,0.0007094603174603174,-0.00032532451546907274,-0.35999999999900717,2.2499999999999956,-2.609999999999003,否,其他,是,否,有效进攻,,,,,,,,
2026-03-02,2026-03-09,0.0,看空,0.0,0.0,0.0,0.0,0.0,0.0,0.0,0.0,否,其他,否,否,其他,,,,,,,,
2026-03-09,2026-03-16,1.0,看多,0.0003023035333262758,-0.0026665122718831924,0.002968815805209468,0.00039551190476190475,-9.112052456659988e-05,-0.09999999999999631,-3.3299999999999996,3.230000000000003,否,其他,否,否,其他,,,,,,,,
2026-03-16,2026-03-23,1.0,看多,0.00048259801282002357,-0.0010555199295705364,0.00153811794239056,0.000396130952380952,8.859201303081781e-05,0.09999999999999593,-1.5599999999999987,1.6599999999999946,是,其他,否,否,其他,,,,,,,,
2026-03-23,2026-03-30,1.0,看多,-0.0011777110304700411,0.0015144253452039624,-0.0026921363756740035,0.0003959047619047619,-0.0015730752012301874,-1.7499999999990092,1.2699999999999865,-3.019999999998996,否,其他,是,是,其他,,,,,,,,
2026-03-30,2026-04-06,1.0,看多,0.002492245014301675,0.00011375144213876531,0.0023784935721629097,0.0003946230158730151,0.0020997570932627004,2.3399999999990095,-0.2699999999999926,2.609999999999002,是,其他,是,否,有效进攻,,,,,,,,
2026-04-06,2026-04-13,1.0,看多,0.0013279081131476467,0.0009321965584132563,0.00039571155473439035,0.00031321825396825396,0.0010154371520151,1.1299999999999852,0.7100000000000161,0.4199999999999692,是,有效进攻,是,否,有效进攻,,,,,,,,
2026-04-13,2026-04-20,1.0,看多,0.003229880902664517,0.003154954139785504,7.49267628790129e-05,0.0003113492063492063,0.0029160013655295004,3.2400000000000135,3.160000000000975,0.07999999999903862,是,有效进攻,是,否,有效进攻,,,,,,,,
2026-04-20,2026-04-27,1.0,看多,0.0019668004785586835,0.0005445442675717782,0.0014222562109869052,0.00037958333333333334,0.0015874395250796002,1.759999999999991,0.22000000000001196,1.539999999999979,是,有效进攻,是,否,有效进攻,,,,,,,,
2026-04-27,2026-05-04,1.0,看多,-0.0016949149685424603,0.0014413704875595457,-0.003136285456102006,0.0003047976190476191,-0.0019970279629017286,-2.20999999999999,1.2799999999999967,-3.489999999999987,否,其他,是,是,其他,,,,,,,,
2026-05-04,2026-05-11,1.0,看多,0.0007625227226242259,-0.00138398468395462,0.002146507406578846,0.00023058730158730158,0.0005377554508897999,0.6000000000000099,-1.7500000000000155,2.3500000000000254,是,其他,否,否,其他,,,,,,,,
2026-05-11,2026-05-18,0.0,看空,0.0,0.0,0.0,0.0,0.0,0.0,0.0,0.0,否,其他,否,否,其他,,,,,,,,
2026-05-18,2026-05-25,1.0,看多,0.0019469328677252928,0.001607755347040607,0.0003391775206846859,0.00037359920634920634,0.0015722678183743833,1.7400000000000053,1.3900000000000023,0.350000000000003,是,有效进攻,是,否,有效进攻,,,,,,,,
2026-05-25,2026-06-01,1.0,看多,0.005020653246720741,0.004258164881929094,0.0007624883647916469,0.0003697182539682539,0.0046427209095183004,5.129999999999996,4.2899999999999885,0.8400000000000079,是,有效进攻,是,否,有效进攻,,,,,,,,
2026-06-01,2026-06-08,1.0,看多,0.0022290949110195246,-0.0007300439629227551,0.0029591388739422797,0.0003593690476190472,0.0018682745709105901,2.060000000000985,-1.1699999999999906,3.2300000000009756,是,其他,否,否,其他,,,,,,,,
2026-06-08,2026-06-15,1.0,看多,-0.003272083680437743,-0.0016599917636319628,-0.0016120919168057801,0.00036165079365079323,-0.0036371769637213,-4.010000000000991,-2.1999999999990085,-1.8100000000019825,否,该空没空,否,是,该空没空,,,,,,,,
2026-06-15,2026-06-22,0.0,看空,0.0,0.0,0.0,0.0,0.0,0.0,0.0,0.0,否,其他,否,否,其他,,,,,,,,
2026-06-22,2026-06-29,1.0,看多,0.0005010979844017882,0.00020683365573015422,0.000294264328671634,0.00036604761904761865,0.00013553051511089992,0.15000000000001135,-0.15000000000001096,0.3000000000000223,是,其他,是,否,有效进攻,,,,,,,,
2026-06-29,2026-07-06,1.0,看多,0.0008163329476444936,-0.001016571378295028,0.0018329043259395217,0.00036446031746031703,0.0004524632554982598,0.500000000000986,-1.489999999999998,1.9900000000009839,是,其他,否,否,其他,,,,,,,,
2026-07-06,2026-07-13,0.0,看空,0.0,0.0,0.0,0.0,0.0,0.0,0.0,0.0,否,其他,否,否,其他,,,,,,,,
2026-07-13,2026-07-20,0.0,看空,0.0,0.0,0.0,0.0,0.0,0.0,0.0,0.0,否,其他,否,否,其他,,,,,,,,
2026-07-20,2026-07-27,1.0,看多,0.0019475364222290015,0.0014553326789321641,0.0004922037432968374,0.0003593650793650794,0.0015872868782964803,1.7500000000000155,1.2200000000000057,0.5300000000000098,是,有效进攻,是,否,有效进攻,,,,,,,,
2026-07-27,2026-08-03,1.0,看多,0.0014918160367771716,0.0016280831612001112,-0.00013626712442293965,0.0003560753968253964,0.0011349215733771506,1.2500000000000009,1.4099999999999877,-0.15999999999998682,是,有效进攻,是,否,有效进攻,,,,,,,,
2026-08-03,2026-08-10,1.0,看多,0.001353970909059754,0.0005862637957649852,0.0007677071132947688,0.00035398809523809526,0.000999340050915066,1.0999999999999899,0.2699999999999926,0.8299999999999973,是,有效进攻,是,否,有效进攻,,,,,,,,
2026-08-10,2026-08-17,1.0,看多,0.001624848371298393,0.0017075168101801097,-8.266843888171671e-05,0.00035125,0.001272687133553437,1.4000000000000123,1.500000000000008,-0.09999999999999565,是,有效进攻,是,否,有效进攻,,,,,,,,
2026-08-17,2026-08-24,1.0,看多,0.00034679946797666616,0.0014768110812202195,-0.0011300116132435534,0.0003484642857142857,-6.279021298999767e-07,-5.551115123125783e-17,1.250000000000001,-1.250000000000001,否,其他,是,否,有效进攻,,,,,,,,
2026-08-24,2026-08-31,1.0,看多,-0.0007867655384613537,-0.0006707144432586132,-0.00011605109520274048,0.0003500476190476191,-0.0011367723216080816,-1.2500000000000009,-1.09999999999999,-0.1500000000000108,否,该空没空,否,是,该空没空,,,,,,,,
2026-08-31,2026-09-07,1.0,看多,0.0014879336151771838,0.001659162355410304,-0.0001712287402331203,0.00035100396825396747,0.0011363052463442,1.250000000000001,1.4499999999999933,-0.19999999999999218,是,有效进攻,是,否,有效进攻,,,,,,,,
2026-09-07,2026-09-14,1.0,看多,-0.0003341056202257331,-0.0005346636292549167,0.00020055800902918364,0.0003498809523809524,-0.0006827664831359,-0.7500000000000214,-0.9500000000000134,0.19999999999999196,否,其他,否,是,其他,,,,,,,,
