信号日期,下一信号日期,仓位,结论,周期策略收益,周期基准收益,周期超额收益,周期carry贡献,周期资本利得贡献,周期策略资本利得_BP,周期基准资本利得_BP,周期资本利得超额_BP,资本利得交易是否盈利,资本利得判断类型,基准是否赚钱,策略是否亏钱,错判类型
2024-01-15,2024-01-22,1.0,看多,0.0008435096507735107,0.0006681852359509133,0.00017532441482259742,0.0001086428571428,0.0007348667936305,0.8500000000009889,0.6499999999999908,0.20000000000099805,是,有效进攻,是,否,有效进攻
2024-01-22,2024-01-29,1.0,看多,0.0017080742578532426,0.0007833947225845961,0.0009246795352686465,0.0005400793650792,0.0011675481120831,1.3499999999989911,0.33000000000001806,1.019999999998973,是,有效进攻,是,否,有效进攻
2024-01-29,2024-02-05,0.0,中性,0.0,0.0,0.0,0.0,0.0,0.0,0.0,0.0,否,其他,否,否,其他
2024-02-05,2024-02-26,0.0,中性,0.0,0.0,0.0,0.0,0.0,0.0,0.0,0.0,否,其他,否,否,其他
2024-02-26,2024-03-04,0.0,中性,0.0,0.0,0.0,0.0,0.0,0.0,0.0,0.0,否,其他,否,否,其他
2024-03-04,2024-03-11,1.0,看多,0.007443758723061578,0.00797112683808554,-0.0005273681150239629,0.0005062460317459301,0.0069181086504584,7.9299999999999855,8.5,-0.5700000000000145,是,有效进攻,是,否,有效进攻
2024-03-11,2024-03-18,0.0,中性,0.0,0.0,0.0,0.0,0.0,0.0,0.0,0.0,否,其他,否,否,其他
2024-03-18,2024-03-25,0.0,看空,0.0,0.0,0.0,0.0,0.0,0.0,0.0,0.0,否,其他,否,否,其他
2024-03-25,2024-04-01,0.0,中性,0.0,0.0,0.0,0.0,0.0,0.0,0.0,0.0,否,其他,否,否,其他
2024-04-01,2024-04-08,0.0,中性,0.0,0.0,0.0,0.0,0.0,0.0,0.0,0.0,否,其他,否,否,其他
2024-04-08,2024-04-15,1.0,看多,0.0031421366590904665,0.000451423433375453,0.0026907132257150135,0.0004962063492063484,0.0026429324119431,3.019999999998996,-1.1102230246251565e-16,3.019999999998996,是,其他,是,否,有效进攻
2024-04-15,2024-04-22,0.0,中性,0.0,0.0,0.0,0.0,0.0,0.0,0.0,0.0,否,其他,否,否,其他
2024-04-22,2024-04-29,1.0,看多,0.001282164211342085,-0.004389574886847991,0.005671739098190076,0.0004802817460317456,0.000810806638689,0.9299999999999935,-5.439999999998987,6.3699999999989805,是,其他,否,否,其他
2024-04-29,2024-05-06,1.0,看多,0.0001444731031152724,0.0006523150422956814,-0.000507841939180409,0.00019559126984126983,-2.4487002499199752e-05,-0.009999999999004139,0.5599999999989986,-0.5699999999980028,否,其他,是,否,有效进攻
2024-05-06,2024-05-13,0.0,看空,0.0,0.0,0.0,0.0,0.0,0.0,0.0,0.0,否,其他,否,否,其他
2024-05-13,2024-05-20,1.0,看多,0.003250337725955399,0.0008500296633411342,0.0024003080626142648,0.0004921230158730159,0.0027566823343039486,3.1500000000009996,0.4499999999989923,2.7000000000020075,是,有效进攻,是,否,有效进攻
2024-05-20,2024-05-27,0.0,看空,0.0,0.0,0.0,0.0,0.0,0.0,0.0,0.0,否,其他,否,否,其他
2024-05-27,2024-06-03,0.0,中性,0.0,0.0,0.0,0.0,0.0,0.0,0.0,0.0,否,其他,否,否,其他
2024-06-03,2024-06-10,0.0,中性,0.0,0.0,0.0,0.0,0.0,0.0,0.0,0.0,否,其他,否,否,其他
2024-06-10,2024-06-17,1.0,看多,0.0028720301589142405,0.0027992814718342807,7.274868707995985e-05,0.00038061507936507934,0.002489026512915987,2.8300000000000196,2.7500000000009805,0.07999999999903906,是,有效进攻,是,否,有效进攻
2024-06-17,2024-06-24,0.0,看空,0.0,0.0,0.0,0.0,0.0,0.0,0.0,0.0,否,其他,否,否,其他
2024-06-24,2024-07-01,0.0,中性,0.0,0.0,0.0,0.0,0.0,0.0,0.0,0.0,否,其他,否,否,其他
2024-07-01,2024-07-08,0.0,中性,0.0,0.0,0.0,0.0,0.0,0.0,0.0,0.0,否,其他,否,否,其他
2024-07-08,2024-07-15,0.0,中性,0.0,0.0,0.0,0.0,0.0,0.0,0.0,0.0,否,其他,否,否,其他
2024-07-15,2024-07-22,0.0,中性,0.0,0.0,0.0,0.0,0.0,0.0,0.0,0.0,否,其他,否,否,其他
2024-07-22,2024-07-29,1.0,看多,0.003981165739289638,0.006402446671589512,-0.002421280932299874,0.0004620595238095238,0.0035147877988225,3.9800000000009974,6.700000000000976,-2.719999999999979,是,有效进攻,是,否,有效进攻
2024-07-29,2024-08-05,0.0,中性,0.0,0.0,0.0,0.0,0.0,0.0,0.0,0.0,否,其他,否,否,其他
2024-08-05,2024-08-12,0.0,中性,0.0,0.0,0.0,0.0,0.0,0.0,0.0,0.0,否,其他,否,否,其他
2024-08-12,2024-08-19,0.0,中性,0.0,0.0,0.0,0.0,0.0,0.0,0.0,0.0,否,其他,否,否,其他
2024-08-19,2024-08-26,0.0,中性,0.0,0.0,0.0,0.0,0.0,0.0,0.0,0.0,否,其他,否,否,其他
2024-08-26,2024-09-02,0.0,看空,0.0,0.0,0.0,0.0,0.0,0.0,0.0,0.0,否,其他,否,否,其他
2024-09-02,2024-09-09,0.0,中性,0.0,0.0,0.0,0.0,0.0,0.0,0.0,0.0,否,其他,否,否,其他
2024-09-09,2024-09-16,0.0,中性,0.0,0.0,0.0,0.0,0.0,0.0,0.0,0.0,否,其他,否,否,其他
2024-09-16,2024-09-23,0.0,看空,0.0,0.0,0.0,0.0,0.0,0.0,0.0,0.0,否,其他,否,否,其他
2024-09-23,2024-09-30,0.0,中性,0.0,0.0,0.0,0.0,0.0,0.0,0.0,0.0,否,其他,否,否,其他
2024-09-30,2024-10-07,0.0,中性,0.0,0.0,0.0,0.0,0.0,0.0,0.0,0.0,否,其他,否,否,其他
2024-10-07,2024-10-14,0.0,中性,0.0,0.0,0.0,0.0,0.0,0.0,0.0,0.0,否,其他,否,否,其他
2024-10-14,2024-10-21,1.0,看多,0.0054692032194139095,0.0030869073160459948,0.0023822959033679147,0.0003628492063492063,0.005096573589998772,5.760000000000002,3.080000000000027,2.6799999999999744,是,有效进攻,是,否,有效进攻
2024-10-21,2024-10-28,0.0,中性,0.0,0.0,0.0,0.0,0.0,0.0,0.0,0.0,否,其他,否,否,其他
2024-10-28,2024-11-04,0.0,看空,0.0,0.0,0.0,0.0,0.0,0.0,0.0,0.0,否,其他,否,否,其他
2024-11-04,2024-11-11,0.0,中性,0.0,0.0,0.0,0.0,0.0,0.0,0.0,0.0,否,其他,否,否,其他
2024-11-11,2024-11-18,1.0,看多,0.0015989356701244795,0.0014719976294890191,0.00012693804063546033,0.0004474365079365079,0.0011514128042301119,1.2999999999999818,1.189999999999976,0.11000000000000587,是,有效进攻,是,否,有效进攻
2024-11-18,2024-11-25,0.0,中性,0.0,0.0,0.0,0.0,0.0,0.0,0.0,0.0,否,其他,否,否,其他
2024-11-25,2024-12-02,0.0,中性,0.0,0.0,0.0,0.0,0.0,0.0,0.0,0.0,否,其他,否,否,其他
2024-12-02,2024-12-09,0.0,中性,0.0,0.0,0.0,0.0,0.0,0.0,0.0,0.0,否,其他,否,否,其他
2024-12-09,2024-12-16,0.0,中性,0.0,0.0,0.0,0.0,0.0,0.0,0.0,0.0,否,其他,否,否,其他
2024-12-16,2024-12-23,0.0,中性,0.0,0.0,0.0,0.0,0.0,0.0,0.0,0.0,否,其他,否,否,其他
2024-12-23,2025-01-06,0.0,中性,0.0,0.0,0.0,0.0,0.0,0.0,0.0,0.0,否,其他,否,否,其他
2025-01-06,2025-01-13,0.0,中性,0.0,0.0,0.0,0.0,0.0,0.0,0.0,0.0,否,其他,否,否,其他
2025-01-13,2025-01-20,0.0,中性,0.0,0.0,0.0,0.0,0.0,0.0,0.0,0.0,否,其他,否,否,其他
2025-01-20,2025-01-27,0.0,中性,0.0,0.0,0.0,0.0,0.0,0.0,0.0,0.0,否,其他,否,否,其他
2025-01-27,2025-02-03,0.0,中性,0.0,0.0,0.0,0.0,0.0,0.0,0.0,0.0,否,其他,否,否,其他
2025-02-03,2025-02-10,0.0,中性,0.0,0.0,0.0,0.0,0.0,0.0,0.0,0.0,否,其他,否,否,其他
2025-02-10,2025-02-17,0.0,中性,0.0,0.0,0.0,0.0,0.0,0.0,0.0,0.0,否,其他,否,否,其他
2025-02-17,2025-02-24,0.0,中性,0.0,0.0,0.0,0.0,0.0,0.0,0.0,0.0,否,其他,否,否,其他
2025-02-24,2025-03-03,0.0,看空,0.0,0.0,0.0,0.0,0.0,0.0,0.0,0.0,否,其他,否,否,其他
2025-03-03,2025-03-10,0.0,看空,0.0,0.0,0.0,0.0,0.0,0.0,0.0,0.0,否,其他,否,否,其他
2025-03-10,2025-03-17,1.0,看多,-0.006178956431075688,-0.0025489708489926377,-0.0036299855820830507,0.0004035753968253964,-0.006588526389637799,-7.339999999999986,-3.149999999999993,-4.189999999999992,否,该空没空,否,是,该空没空
2025-03-17,2025-03-24,0.0,看空,0.0,0.0,0.0,0.0,0.0,0.0,0.0,0.0,否,其他,否,否,其他
2025-03-24,2025-03-31,0.0,中性,0.0,0.0,0.0,0.0,0.0,0.0,0.0,0.0,否,其他,否,否,其他
2025-03-31,2025-04-07,0.0,中性,0.0,0.0,0.0,0.0,0.0,0.0,0.0,0.0,否,其他,否,否,其他
2025-04-07,2025-04-14,0.0,中性,0.0,0.0,0.0,0.0,0.0,0.0,0.0,0.0,否,其他,否,否,其他
2025-04-14,2025-04-21,0.0,中性,0.0,0.0,0.0,0.0,0.0,0.0,0.0,0.0,否,其他,否,否,其他
2025-04-21,2025-04-28,0.0,中性,0.0,0.0,0.0,0.0,0.0,0.0,0.0,0.0,否,其他,否,否,其他
2025-04-28,2025-05-05,1.0,看多,0.004783135643400271,0.00351937800142621,0.0012637576419740615,0.0002244484126984123,0.0045535074243193,5.04000000000001,3.6299999999999875,1.4100000000000223,是,有效进攻,是,否,有效进攻
2025-05-05,2025-05-12,1.0,看多,0.0011945255225840334,-0.0007314554903165016,0.001925981012900535,0.0002927579365079361,0.0009039518178490999,0.999999999999994,-1.080000000000004,2.0799999999999983,是,其他,否,否,其他
2025-05-12,2025-05-19,1.0,看多,-0.0019011896039535792,-0.0037249173982427664,0.0018237277942891872,0.00036865873015873014,-0.0022662812905043994,-2.5000000000000027,-4.4199999999999795,1.9199999999999768,否,其他,否,是,其他
2025-05-19,2025-05-26,0.0,中性,0.0,0.0,0.0,0.0,0.0,0.0,0.0,0.0,否,其他,否,否,其他
2025-05-26,2025-06-02,0.0,中性,0.0,0.0,0.0,0.0,0.0,0.0,0.0,0.0,否,其他,否,否,其他
2025-06-02,2025-06-09,0.0,中性,0.0,0.0,0.0,0.0,0.0,0.0,0.0,0.0,否,其他,否,否,其他
2025-06-09,2025-06-16,0.0,中性,0.0,0.0,0.0,0.0,0.0,0.0,0.0,0.0,否,其他,否,否,其他
2025-06-16,2025-06-23,1.0,看多,0.0019068399537318648,0.0007280453789355601,0.0011787945747963047,0.00035599603174603134,0.0015512978718025,1.7100000000000104,0.439999999999989,1.2700000000000213,是,有效进攻,是,否,有效进攻
2025-06-23,2025-06-30,0.0,中性,0.0,0.0,0.0,0.0,0.0,0.0,0.0,0.0,否,其他,否,否,其他
2025-06-30,2025-07-07,0.0,中性,0.0,0.0,0.0,0.0,0.0,0.0,0.0,0.0,否,其他,否,否,其他
2025-07-07,2025-07-14,0.0,中性,0.0,0.0,0.0,0.0,0.0,0.0,0.0,0.0,否,其他,否,否,其他
2025-07-14,2025-07-21,0.0,中性,0.0,0.0,0.0,0.0,0.0,0.0,0.0,0.0,否,其他,否,否,其他
2025-07-21,2025-07-28,0.0,看空,0.0,0.0,0.0,0.0,0.0,0.0,0.0,0.0,否,其他,否,否,其他
2025-07-28,2025-08-04,0.0,中性,0.0,0.0,0.0,0.0,0.0,0.0,0.0,0.0,否,其他,否,否,其他
2025-08-04,2025-08-11,0.0,中性,0.0,0.0,0.0,0.0,0.0,0.0,0.0,0.0,否,其他,否,否,其他
2025-08-11,2025-08-18,0.0,中性,0.0,0.0,0.0,0.0,0.0,0.0,0.0,0.0,否,其他,否,否,其他
2025-08-18,2025-08-25,0.0,看空,0.0,0.0,0.0,0.0,0.0,0.0,0.0,0.0,否,其他,否,否,其他
2025-08-25,2025-09-01,0.0,看空,0.0,0.0,0.0,0.0,0.0,0.0,0.0,0.0,否,其他,否,否,其他
2025-09-01,2025-09-08,0.0,中性,0.0,0.0,0.0,0.0,0.0,0.0,0.0,0.0,否,其他,否,否,其他
2025-09-08,2025-09-15,0.0,中性,0.0,0.0,0.0,0.0,0.0,0.0,0.0,0.0,否,其他,否,否,其他
2025-09-15,2025-09-22,0.0,中性,0.0,0.0,0.0,0.0,0.0,0.0,0.0,0.0,否,其他,否,否,其他
2025-09-22,2025-09-29,0.0,中性,0.0,0.0,0.0,0.0,0.0,0.0,0.0,0.0,否,其他,否,否,其他
2025-09-29,2025-10-06,0.0,中性,0.0,0.0,0.0,0.0,0.0,0.0,0.0,0.0,否,其他,否,否,其他
2025-10-06,2025-10-13,1.0,看多,-0.0006616502406689984,0.0014593494466312862,-0.0021209996873002845,0.00016268650793650755,-0.0008242534364685392,-0.9200000000009896,1.4499999999999929,-2.3700000000009824,否,其他,是,是,其他
2025-10-13,2025-10-20,1.0,看多,0.003496311849804812,0.002304167197450635,0.0011921446523541768,0.00040427777777777776,0.0030899889500844322,3.449999999999981,2.1400000000000237,1.3099999999999574,是,有效进攻,是,否,有效进攻
2025-10-20,2025-10-27,0.0,中性,0.0,0.0,0.0,0.0,0.0,0.0,0.0,0.0,否,其他,否,否,其他
2025-10-27,2025-11-03,0.0,中性,0.0,0.0,0.0,0.0,0.0,0.0,0.0,0.0,否,其他,否,否,其他
2025-11-03,2025-11-10,0.0,中性,0.0,0.0,0.0,0.0,0.0,0.0,0.0,0.0,否,其他,否,否,其他
2025-11-10,2025-11-17,1.0,看多,0.0002904959612208824,0.0003773242037736768,-8.682824255279442e-05,0.00039380555555555555,-0.00010049247050542194,-0.11000000000000548,0.01999999999998528,-0.12999999999999076,否,其他,是,否,有效进攻
2025-11-17,2025-11-24,0.0,中性,0.0,0.0,0.0,0.0,0.0,0.0,0.0,0.0,否,其他,否,否,其他
2025-11-24,2025-12-01,0.0,看空,0.0,0.0,0.0,0.0,0.0,0.0,0.0,0.0,否,其他,否,否,其他
2025-12-01,2025-12-08,0.0,中性,0.0,0.0,0.0,0.0,0.0,0.0,0.0,0.0,否,其他,否,否,其他
2025-12-08,2025-12-15,0.0,中性,0.0,0.0,0.0,0.0,0.0,0.0,0.0,0.0,否,其他,否,否,其他
2025-12-15,2025-12-22,1.0,看多,0.0008274618111168142,0.0011614846339538243,-0.0003340228228370101,0.0004063531746031746,0.00042101809267183066,0.4699999999999844,0.879999999999978,-0.40999999999999365,是,有效进攻,是,否,有效进攻
2025-12-22,2025-12-29,0.0,中性,0.0,0.0,0.0,0.0,0.0,0.0,0.0,0.0,否,其他,否,否,其他
2025-12-29,2026-01-05,1.0,看多,-0.001647454602009435,-0.0006614332379374366,-0.0009860213640719984,0.00024376984126984124,-0.0018911950388474002,-2.109999999999994,-0.9699999999999986,-1.1399999999999955,否,该空没空,否,是,该空没空
2026-01-05,2026-01-12,0.0,中性,0.0,0.0,0.0,0.0,0.0,0.0,0.0,0.0,否,其他,否,否,其他
2026-01-12,2026-01-19,0.0,中性,0.0,0.0,0.0,0.0,0.0,0.0,0.0,0.0,否,其他,否,否,其他
2026-01-19,2026-01-26,0.0,中性,0.0,0.0,0.0,0.0,0.0,0.0,0.0,0.0,否,其他,否,否,其他
2026-01-26,2026-02-02,0.0,中性,0.0,0.0,0.0,0.0,0.0,0.0,0.0,0.0,否,其他,否,否,其他
2026-02-02,2026-02-09,0.0,中性,0.0,0.0,0.0,0.0,0.0,0.0,0.0,0.0,否,其他,否,否,其他
2026-02-09,2026-03-02,0.0,中性,0.0,0.0,0.0,0.0,0.0,0.0,0.0,0.0,否,其他,否,否,其他
2026-03-02,2026-03-09,0.0,看空,0.0,0.0,0.0,0.0,0.0,0.0,0.0,0.0,否,其他,否,否,其他
2026-03-09,2026-03-16,1.0,看多,0.0003023035333262758,-0.0026665122718831924,0.002968815805209468,0.00039551190476190475,-9.112052456659988e-05,-0.09999999999999631,-3.3299999999999996,3.230000000000003,否,其他,否,否,其他
2026-03-16,2026-03-23,0.0,中性,0.0,0.0,0.0,0.0,0.0,0.0,0.0,0.0,否,其他,否,否,其他
2026-03-23,2026-03-30,0.0,中性,0.0,0.0,0.0,0.0,0.0,0.0,0.0,0.0,否,其他,否,否,其他
2026-03-30,2026-04-06,0.0,中性,0.0,0.0,0.0,0.0,0.0,0.0,0.0,0.0,否,其他,否,否,其他
2026-04-06,2026-04-13,0.0,中性,0.0,0.0,0.0,0.0,0.0,0.0,0.0,0.0,否,其他,否,否,其他
2026-04-13,2026-04-20,0.0,中性,0.0,0.0,0.0,0.0,0.0,0.0,0.0,0.0,否,其他,否,否,其他
2026-04-20,2026-04-27,0.0,中性,0.0,0.0,0.0,0.0,0.0,0.0,0.0,0.0,否,其他,否,否,其他
2026-04-27,2026-05-04,0.0,中性,0.0,0.0,0.0,0.0,0.0,0.0,0.0,0.0,否,其他,否,否,其他
2026-05-04,2026-05-11,1.0,看多,0.0007625227226242259,-0.00138398468395462,0.002146507406578846,0.00023058730158730158,0.0005377554508897999,0.6000000000000099,-1.7500000000000155,2.3500000000000254,是,其他,否,否,其他
2026-05-11,2026-05-18,0.0,中性,0.0,0.0,0.0,0.0,0.0,0.0,0.0,0.0,否,其他,否,否,其他
2026-05-18,2026-05-25,0.0,中性,0.0,0.0,0.0,0.0,0.0,0.0,0.0,0.0,否,其他,否,否,其他
2026-05-25,2026-06-01,0.0,中性,0.0,0.0,0.0,0.0,0.0,0.0,0.0,0.0,否,其他,否,否,其他
2026-06-01,2026-06-08,0.0,中性,0.0,0.0,0.0,0.0,0.0,0.0,0.0,0.0,否,其他,否,否,其他
2026-06-08,2026-06-15,0.0,中性,0.0,0.0,0.0,0.0,0.0,0.0,0.0,0.0,否,其他,否,否,其他
2026-06-15,2026-06-22,0.0,中性,0.0,0.0,0.0,0.0,0.0,0.0,0.0,0.0,否,其他,否,否,其他
2026-06-22,2026-06-29,0.0,中性,0.0,0.0,0.0,0.0,0.0,0.0,0.0,0.0,否,其他,否,否,其他
2026-06-29,2026-07-06,0.0,中性,0.0,0.0,0.0,0.0,0.0,0.0,0.0,0.0,否,其他,否,否,其他
2026-07-06,2026-07-13,0.0,中性,0.0,0.0,0.0,0.0,0.0,0.0,0.0,0.0,否,其他,否,否,其他
2026-07-13,2026-07-20,0.0,中性,0.0,0.0,0.0,0.0,0.0,0.0,0.0,0.0,否,其他,否,否,其他
2026-07-20,2026-07-27,0.0,中性,0.0,0.0,0.0,0.0,0.0,0.0,0.0,0.0,否,其他,否,否,其他
2026-07-27,2026-08-03,0.0,中性,0.0,0.0,0.0,0.0,0.0,0.0,0.0,0.0,否,其他,否,否,其他
2026-08-03,2026-08-10,1.0,看多,0.001353970909059754,0.0005862637957649852,0.0007677071132947688,0.00035398809523809526,0.000999340050915066,1.0999999999999899,0.2699999999999926,0.8299999999999973,是,有效进攻,是,否,有效进攻
2026-08-10,2026-08-17,1.0,看多,0.001624848371298393,0.0017075168101801097,-8.266843888171671e-05,0.00035125,0.001272687133553437,1.4000000000000123,1.500000000000008,-0.09999999999999565,是,有效进攻,是,否,有效进攻
2026-08-17,2026-08-24,0.0,中性,0.0,0.0,0.0,0.0,0.0,0.0,0.0,0.0,否,其他,否,否,其他
2026-08-24,2026-08-31,0.0,中性,0.0,0.0,0.0,0.0,0.0,0.0,0.0,0.0,否,其他,否,否,其他
2026-08-31,,1.0,看多,0.0014879336151771838,0.001659162355410304,-0.0001712287402331203,0.00035100396825396747,0.0011363052463442,1.250000000000001,1.4499999999999933,-0.19999999999999218,是,有效进攻,是,否,有效进攻
