日期,到期收益率_百分比,到期收益率_小数,收益率日变化_BP,数据来源,更新时间
2024-01-02,2.8498,0.028498000000000002,,Choice API E1704597；中证指数公司；地方政府债到期收益率:10年,2026-07-13 09:17:29
2024-01-03,2.8379,0.028378999999999998,-1.1900000000000244,Choice API E1704597；中证指数公司；地方政府债到期收益率:10年,2026-07-13 09:17:29
2024-01-04,2.8195,0.028195,-1.839999999999975,Choice API E1704597；中证指数公司；地方政府债到期收益率:10年,2026-07-13 09:17:29
2024-01-05,2.7953,0.027953000000000002,-2.42,Choice API E1704597；中证指数公司；地方政府债到期收益率:10年,2026-07-13 09:17:29
2024-01-08,2.788,0.02788,-0.7300000000000306,Choice API E1704597；中证指数公司；地方政府债到期收益率:10年,2026-07-13 09:17:29
2024-01-09,2.7736,0.027736,-1.4399999999999746,Choice API E1704597；中证指数公司；地方政府债到期收益率:10年,2026-07-13 09:17:29
2024-01-10,2.787,0.02787,1.3399999999999856,Choice API E1704597；中证指数公司；地方政府债到期收益率:10年,2026-07-13 09:17:29
2024-01-11,2.7722,0.027722000000000004,-1.4799999999999702,Choice API E1704597；中证指数公司；地方政府债到期收益率:10年,2026-07-13 09:17:29
2024-01-12,2.7801,0.027801,0.7899999999999796,Choice API E1704597；中证指数公司；地方政府债到期收益率:10年,2026-07-13 09:17:29
2024-01-15,2.7713,0.027713,-0.8799999999999919,Choice API E1704597；中证指数公司；地方政府债到期收益率:10年,2026-07-13 09:17:29
2024-01-16,2.775,0.02775,0.36999999999998145,Choice API E1704597；中证指数公司；地方政府债到期收益率:10年,2026-07-13 09:17:29
2024-01-17,2.7522,0.027522,-2.279999999999971,Choice API E1704597；中证指数公司；地方政府债到期收益率:10年,2026-07-13 09:17:29
2024-01-18,2.7378,0.027378,-1.440000000000019,Choice API E1704597；中证指数公司；地方政府债到期收益率:10年,2026-07-13 09:17:29
2024-01-19,2.7293,0.027292999999999998,-0.8500000000000174,Choice API E1704597；中证指数公司；地方政府债到期收益率:10年,2026-07-13 09:17:29
2024-01-22,2.7168,0.027168,-1.2499999999999734,Choice API E1704597；中证指数公司；地方政府债到期收益率:10年,2026-07-13 09:17:29
2024-01-23,2.7203,0.027202999999999998,0.34999999999998366,Choice API E1704597；中证指数公司；地方政府债到期收益率:10年,2026-07-13 09:17:29
2024-01-24,2.7246,0.027246000000000003,0.43000000000001926,Choice API E1704597；中证指数公司；地方政府债到期收益率:10年,2026-07-13 09:17:29
2024-01-25,2.719,0.02719,-0.5600000000000271,Choice API E1704597；中证指数公司；地方政府债到期收益率:10年,2026-07-13 09:17:29
2024-01-26,2.7158,0.027158,-0.31999999999996476,Choice API E1704597；中证指数公司；地方政府债到期收益率:10年,2026-07-13 09:17:29
2024-01-29,2.7079,0.027079,-0.790000000000024,Choice API E1704597；中证指数公司；地方政府债到期收益率:10年,2026-07-13 09:17:29
2024-01-30,2.6736,0.026736,-3.4299999999999997,Choice API E1704597；中证指数公司；地方政府债到期收益率:10年,2026-07-13 09:17:29
2024-01-31,2.6461,0.026461000000000002,-2.749999999999986,Choice API E1704597；中证指数公司；地方政府债到期收益率:10年,2026-07-13 09:17:29
2024-02-01,2.6565,0.026565,1.0399999999999743,Choice API E1704597；中证指数公司；地方政府债到期收益率:10年,2026-07-13 09:17:29
2024-02-02,2.6504,0.026504,-0.6099999999999994,Choice API E1704597；中证指数公司；地方政府债到期收益率:10年,2026-07-13 09:17:29
2024-02-05,2.6118,0.026118000000000002,-3.8599999999999746,Choice API E1704597；中证指数公司；地方政府债到期收益率:10年,2026-07-13 09:17:29
2024-02-06,2.6404,0.026404,2.859999999999996,Choice API E1704597；中证指数公司；地方政府债到期收益率:10年,2026-07-13 09:17:29
2024-02-07,2.606,0.02606,-3.440000000000021,Choice API E1704597；中证指数公司；地方政府债到期收益率:10年,2026-07-13 09:17:29
2024-02-08,2.6295,0.026295000000000002,2.35000000000003,Choice API E1704597；中证指数公司；地方政府债到期收益率:10年,2026-07-13 09:17:29
2024-02-19,2.6279,0.026279,-0.1600000000000268,Choice API E1704597；中证指数公司；地方政府债到期收益率:10年,2026-07-13 09:17:29
2024-02-20,2.6011,0.026011000000000003,-2.6799999999999713,Choice API E1704597；中证指数公司；地方政府债到期收益率:10年,2026-07-13 09:17:29
2024-02-21,2.5947,0.025947,-0.6400000000000183,Choice API E1704597；中证指数公司；地方政府债到期收益率:10年,2026-07-13 09:17:29
2024-02-22,2.5811,0.025811,-1.3599999999999834,Choice API E1704597；中证指数公司；地方政府债到期收益率:10年,2026-07-13 09:17:29
2024-02-23,2.5804,0.025804,-0.0700000000000145,Choice API E1704597；中证指数公司；地方政府债到期收益率:10年,2026-07-13 09:17:29
2024-02-26,2.5862,0.025862,0.5799999999999805,Choice API E1704597；中证指数公司；地方政府债到期收益率:10年,2026-07-13 09:17:29
2024-02-27,2.5878,0.025878,0.1600000000000268,Choice API E1704597；中证指数公司；地方政府债到期收益率:10年,2026-07-13 09:17:29
2024-02-28,2.5675,0.025675,-2.0300000000000207,Choice API E1704597；中证指数公司；地方政府债到期收益率:10年,2026-07-13 09:17:29
2024-02-29,2.556,0.02556,-1.1499999999999844,Choice API E1704597；中证指数公司；地方政府债到期收益率:10年,2026-07-13 09:17:29
2024-03-01,2.5896,0.025896,3.359999999999985,Choice API E1704597；中证指数公司；地方政府债到期收益率:10年,2026-07-13 09:17:29
2024-03-04,2.5707,0.025707,-1.8899999999999917,Choice API E1704597；中证指数公司；地方政府债到期收益率:10年,2026-07-13 09:17:29
2024-03-05,2.556,0.02556,-1.4699999999999935,Choice API E1704597；中证指数公司；地方政府债到期收益率:10年,2026-07-13 09:17:29
2024-03-06,2.536,0.02536,-2.0000000000000018,Choice API E1704597；中证指数公司；地方政府债到期收益率:10年,2026-07-13 09:17:29
2024-03-07,2.5051,0.025051,-3.0899999999999928,Choice API E1704597；中证指数公司；地方政府债到期收益率:10年,2026-07-13 09:17:29
2024-03-08,2.5103,0.025103,0.5199999999999871,Choice API E1704597；中证指数公司；地方政府债到期收益率:10年,2026-07-13 09:17:29
2024-03-11,2.5155,0.025154999999999997,0.5199999999999871,Choice API E1704597；中证指数公司；地方政府债到期收益率:10年,2026-07-13 09:17:29
2024-03-12,2.5358,0.025358000000000002,2.0300000000000207,Choice API E1704597；中证指数公司；地方政府债到期收益率:10年,2026-07-13 09:17:29
2024-03-13,2.5342,0.025341999999999996,-0.1600000000000268,Choice API E1704597；中证指数公司；地方政府债到期收益率:10年,2026-07-13 09:17:29
2024-03-14,2.542,0.025419999999999998,0.7800000000000029,Choice API E1704597；中证指数公司；地方政府债到期收益率:10年,2026-07-13 09:17:29
2024-03-15,2.5294,0.025293999999999997,-1.2599999999999945,Choice API E1704597；中证指数公司；地方政府债到期收益率:10年,2026-07-13 09:17:29
2024-03-18,2.5184,0.025184,-1.0999999999999677,Choice API E1704597；中证指数公司；地方政府债到期收益率:10年,2026-07-13 09:17:29
2024-03-19,2.5114,0.025114,-0.7000000000000117,Choice API E1704597；中证指数公司；地方政府债到期收益率:10年,2026-07-13 09:17:29
2024-03-20,2.507,0.025070000000000002,-0.43999999999999595,Choice API E1704597；中证指数公司；地方政府债到期收益率:10年,2026-07-13 09:17:29
2024-03-21,2.5124,0.025124,0.5399999999999849,Choice API E1704597；中证指数公司；地方政府债到期收益率:10年,2026-07-13 09:17:29
2024-03-22,2.5235,0.025234999999999997,1.1099999999999888,Choice API E1704597；中证指数公司；地方政府债到期收益率:10年,2026-07-13 09:17:29
2024-03-25,2.5382,0.025382,1.4699999999999935,Choice API E1704597；中证指数公司；地方政府债到期收益率:10年,2026-07-13 09:17:29
2024-03-26,2.5397,0.025397,0.15000000000000568,Choice API E1704597；中证指数公司；地方政府债到期收益率:10年,2026-07-13 09:17:29
2024-03-27,2.5207,0.025207,-1.8999999999999684,Choice API E1704597；中证指数公司；地方政府债到期收益率:10年,2026-07-13 09:17:29
2024-03-28,2.5274,0.025274,0.6699999999999928,Choice API E1704597；中证指数公司；地方政府债到期收益率:10年,2026-07-13 09:17:29
2024-03-29,2.5225,0.025225,-0.49000000000001265,Choice API E1704597；中证指数公司；地方政府债到期收益率:10年,2026-07-13 09:17:29
2024-04-01,2.5352,0.025352,1.2700000000000156,Choice API E1704597；中证指数公司；地方政府债到期收益率:10年,2026-07-13 09:17:29
2024-04-02,2.5152,0.025152,-2.0000000000000018,Choice API E1704597；中证指数公司；地方政府债到期收益率:10年,2026-07-13 09:17:29
2024-04-03,2.5094,0.025093999999999998,-0.5800000000000249,Choice API E1704597；中证指数公司；地方政府债到期收益率:10年,2026-07-13 09:17:29
2024-04-08,2.5031,0.025030999999999998,-0.6299999999999972,Choice API E1704597；中证指数公司；地方政府债到期收益率:10年,2026-07-13 09:17:29
2024-04-09,2.496,0.02496,-0.7099999999999884,Choice API E1704597；中证指数公司；地方政府债到期收益率:10年,2026-07-13 09:17:29
2024-04-10,2.503,0.02503,0.7000000000000117,Choice API E1704597；中证指数公司；地方政府债到期收益率:10年,2026-07-13 09:17:29
2024-04-11,2.4929,0.024929,-1.0099999999999998,Choice API E1704597；中证指数公司；地方政府债到期收益率:10年,2026-07-13 09:17:29
2024-04-12,2.4792,0.024792,-1.3700000000000045,Choice API E1704597；中证指数公司；地方政府债到期收益率:10年,2026-07-13 09:17:29
2024-04-15,2.4752,0.024752,-0.40000000000000036,Choice API E1704597；中证指数公司；地方政府债到期收益率:10年,2026-07-13 09:17:29
2024-04-16,2.4695,0.024695,-0.5700000000000038,Choice API E1704597；中证指数公司；地方政府债到期收益率:10年,2026-07-13 09:17:29
2024-04-17,2.4585,0.024585,-1.100000000000012,Choice API E1704597；中证指数公司；地方政府债到期收益率:10年,2026-07-13 09:17:29
2024-04-18,2.437,0.02437,-2.1500000000000075,Choice API E1704597；中证指数公司；地方政府债到期收益率:10年,2026-07-13 09:17:29
2024-04-19,2.4443,0.024443000000000003,0.7300000000000306,Choice API E1704597；中证指数公司；地方政府债到期收益率:10年,2026-07-13 09:17:29
2024-04-22,2.4185,0.024184999999999998,-2.5800000000000267,Choice API E1704597；中证指数公司；地方政府债到期收益率:10年,2026-07-13 09:17:29
2024-04-23,2.4056,0.024056,-1.289999999999969,Choice API E1704597；中证指数公司；地方政府债到期收益率:10年,2026-07-13 09:17:29
2024-04-24,2.4275,0.024275,2.190000000000003,Choice API E1704597；中证指数公司；地方政府债到期收益率:10年,2026-07-13 09:17:29
2024-04-25,2.4072,0.024072,-2.0300000000000207,Choice API E1704597；中证指数公司；地方政府债到期收益率:10年,2026-07-13 09:17:29
2024-04-26,2.435,0.02435,2.7800000000000047,Choice API E1704597；中证指数公司；地方政府债到期收益率:10年,2026-07-13 09:17:29
2024-04-29,2.4939,0.024939,5.889999999999995,Choice API E1704597；中证指数公司；地方政府债到期收益率:10年,2026-07-13 09:17:29
2024-04-30,2.4351,0.024350999999999998,-5.8800000000000185,Choice API E1704597；中证指数公司；地方政府债到期收益率:10年,2026-07-13 09:17:29
2024-05-06,2.45,0.0245,1.4900000000000357,Choice API E1704597；中证指数公司；地方政府债到期收益率:10年,2026-07-13 09:17:29
2024-05-07,2.472,0.02472,2.1999999999999797,Choice API E1704597；中证指数公司；地方政府债到期收益率:10年,2026-07-13 09:17:29
2024-05-08,2.4819,0.024819,0.990000000000002,Choice API E1704597；中证指数公司；地方政府债到期收益率:10年,2026-07-13 09:17:29
2024-05-09,2.5005,0.025005000000000003,1.8600000000000172,Choice API E1704597；中证指数公司；地方政府债到期收益率:10年,2026-07-13 09:17:29
2024-05-10,2.503,0.02503,0.24999999999999467,Choice API E1704597；中证指数公司；地方政府债到期收益率:10年,2026-07-13 09:17:29
2024-05-13,2.4759,0.024759000000000003,-2.70999999999999,Choice API E1704597；中证指数公司；地方政府债到期收益率:10年,2026-07-13 09:17:29
2024-05-14,2.4719,0.024719,-0.40000000000000036,Choice API E1704597；中证指数公司；地方政府债到期收益率:10年,2026-07-13 09:17:29
2024-05-15,2.4709,0.024709,-0.1000000000000334,Choice API E1704597；中证指数公司；地方政府债到期收益率:10年,2026-07-13 09:17:29
2024-05-16,2.4798,0.024798,0.890000000000013,Choice API E1704597；中证指数公司；地方政府债到期收益率:10年,2026-07-13 09:17:29
2024-05-17,2.4715,0.024714999999999997,-0.8300000000000196,Choice API E1704597；中证指数公司；地方政府债到期收益率:10年,2026-07-13 09:17:29
2024-05-20,2.472,0.02472,0.0500000000000167,Choice API E1704597；中证指数公司；地方政府债到期收益率:10年,2026-07-13 09:17:29
2024-05-21,2.4851,0.024851,1.3100000000000112,Choice API E1704597；中证指数公司；地方政府债到期收益率:10年,2026-07-13 09:17:29
2024-05-22,2.471,0.02471,-1.4100000000000001,Choice API E1704597；中证指数公司；地方政府债到期收益率:10年,2026-07-13 09:17:29
2024-05-23,2.4678,0.024678,-0.32000000000000917,Choice API E1704597；中证指数公司；地方政府债到期收益率:10年,2026-07-13 09:17:29
2024-05-24,2.4684,0.024683999999999998,0.05999999999999339,Choice API E1704597；中证指数公司；地方政府债到期收益率:10年,2026-07-13 09:17:29
2024-05-27,2.453,0.02453,-1.540000000000008,Choice API E1704597；中证指数公司；地方政府债到期收益率:10年,2026-07-13 09:17:29
2024-05-28,2.4577,0.024577,0.47000000000001485,Choice API E1704597；中证指数公司；地方政府债到期收益率:10年,2026-07-13 09:17:29
2024-05-29,2.457,0.024569999999999998,-0.0700000000000145,Choice API E1704597；中证指数公司；地方政府债到期收益率:10年,2026-07-13 09:17:29
2024-05-30,2.4603,0.024603,0.33000000000003027,Choice API E1704597；中证指数公司；地方政府债到期收益率:10年,2026-07-13 09:17:29
2024-05-31,2.4617,0.024617,0.13999999999998458,Choice API E1704597；中证指数公司；地方政府债到期收益率:10年,2026-07-13 09:17:29
2024-06-03,2.45,0.0245,-1.1699999999999822,Choice API E1704597；中证指数公司；地方政府债到期收益率:10年,2026-07-13 09:17:29
2024-06-04,2.4475,0.024474999999999997,-0.2500000000000391,Choice API E1704597；中证指数公司；地方政府债到期收益率:10年,2026-07-13 09:17:29
2024-06-05,2.4303,0.024302999999999998,-1.7199999999999882,Choice API E1704597；中证指数公司；地方政府债到期收益率:10年,2026-07-13 09:17:29
2024-06-06,2.426,0.02426,-0.42999999999997485,Choice API E1704597；中证指数公司；地方政府债到期收益率:10年,2026-07-13 09:17:29
2024-06-07,2.4125,0.024125,-1.3500000000000068,Choice API E1704597；中证指数公司；地方政府债到期收益率:10年,2026-07-13 09:17:29
2024-06-11,2.3944,0.023944,-1.8100000000000005,Choice API E1704597；中证指数公司；地方政府债到期收益率:10年,2026-07-13 09:17:29
2024-06-12,2.3936,0.023936000000000002,-0.07999999999999119,Choice API E1704597；中证指数公司；地方政府债到期收益率:10年,2026-07-13 09:17:29
2024-06-13,2.391,0.02391,-0.2600000000000158,Choice API E1704597；中证指数公司；地方政府债到期收益率:10年,2026-07-13 09:17:29
2024-06-14,2.3842,0.023842,-0.6800000000000139,Choice API E1704597；中证指数公司；地方政府债到期收益率:10年,2026-07-13 09:17:29
2024-06-17,2.3841,0.023841,-0.009999999999976694,Choice API E1704597；中证指数公司；地方政府债到期收益率:10年,2026-07-13 09:17:29
2024-06-18,2.3752,0.023752,-0.890000000000013,Choice API E1704597；中证指数公司；地方政府债到期收益率:10年,2026-07-13 09:17:29
2024-06-19,2.3676,0.023676,-0.7600000000000051,Choice API E1704597；中证指数公司；地方政府债到期收益率:10年,2026-07-13 09:17:29
2024-06-20,2.3688,0.023687999999999997,0.11999999999998678,Choice API E1704597；中证指数公司；地方政府债到期收益率:10年,2026-07-13 09:17:29
2024-06-21,2.3719,0.023719,0.31000000000003247,Choice API E1704597；中证指数公司；地方政府债到期收益率:10年,2026-07-13 09:17:29
2024-06-24,2.3752,0.023752,0.32999999999998586,Choice API E1704597；中证指数公司；地方政府债到期收益率:10年,2026-07-13 09:17:29
2024-06-25,2.3564,0.023563999999999998,-1.880000000000015,Choice API E1704597；中证指数公司；地方政府债到期收益率:10年,2026-07-13 09:17:29
2024-06-26,2.359,0.02359,0.2600000000000158,Choice API E1704597；中证指数公司；地方政府债到期收益率:10年,2026-07-13 09:17:29
2024-06-27,2.335,0.02335,-2.400000000000002,Choice API E1704597；中证指数公司；地方政府债到期收益率:10年,2026-07-13 09:17:29
2024-06-28,2.3402,0.023402,0.5199999999999871,Choice API E1704597；中证指数公司；地方政府债到期收益率:10年,2026-07-13 09:17:29
2024-07-01,2.3845,0.023845,4.430000000000023,Choice API E1704597；中证指数公司；地方政府债到期收益率:10年,2026-07-13 09:17:29
2024-07-02,2.3652,0.023652000000000003,-1.9299999999999873,Choice API E1704597；中证指数公司；地方政府债到期收益率:10年,2026-07-13 09:17:29
2024-07-03,2.3437,0.023437,-2.1500000000000075,Choice API E1704597；中证指数公司；地方政府债到期收益率:10年,2026-07-13 09:17:29
2024-07-04,2.3405,0.023405,-0.32000000000000917,Choice API E1704597；中证指数公司；地方政府债到期收益率:10年,2026-07-13 09:17:29
2024-07-05,2.3437,0.023437,0.32000000000000917,Choice API E1704597；中证指数公司；地方政府债到期收益率:10年,2026-07-13 09:17:29
2024-07-08,2.3646,0.023645999999999997,2.0899999999999697,Choice API E1704597；中证指数公司；地方政府债到期收益率:10年,2026-07-13 09:17:29
2024-07-09,2.3425,0.023424999999999998,-2.210000000000001,Choice API E1704597；中证指数公司；地方政府债到期收益率:10年,2026-07-13 09:17:29
2024-07-10,2.356,0.023559999999999998,1.3500000000000068,Choice API E1704597；中证指数公司；地方政府债到期收益率:10年,2026-07-13 09:17:29
2024-07-11,2.3423,0.023423,-1.3700000000000045,Choice API E1704597；中证指数公司；地方政府债到期收益率:10年,2026-07-13 09:17:29
2024-07-12,2.335,0.02335,-0.7299999999999862,Choice API E1704597；中证指数公司；地方政府债到期收益率:10年,2026-07-13 09:17:29
2024-07-15,2.3349,0.023349,-0.009999999999976694,Choice API E1704597；中证指数公司；地方政府债到期收益率:10年,2026-07-13 09:17:29
2024-07-16,2.3436,0.023436,0.8699999999999708,Choice API E1704597；中证指数公司；地方政府债到期收益率:10年,2026-07-13 09:17:29
2024-07-17,2.3454,0.023454000000000003,0.18000000000002458,Choice API E1704597；中证指数公司；地方政府债到期收益率:10年,2026-07-13 09:17:29
2024-07-18,2.346,0.02346,0.05999999999999339,Choice API E1704597；中证指数公司；地方政府债到期收益率:10年,2026-07-13 09:17:29
2024-07-19,2.3358,0.023358,-1.020000000000021,Choice API E1704597；中证指数公司；地方政府债到期收益率:10年,2026-07-13 09:17:29
2024-07-22,2.346,0.02346,1.020000000000021,Choice API E1704597；中证指数公司；地方政府债到期收益率:10年,2026-07-13 09:17:29
2024-07-23,2.336,0.02336,-1.000000000000023,Choice API E1704597；中证指数公司；地方政府债到期收益率:10年,2026-07-13 09:17:29
2024-07-24,2.3233,0.023233,-1.2699999999999712,Choice API E1704597；中证指数公司；地方政府债到期收益率:10年,2026-07-13 09:17:29
2024-07-25,2.3028,0.023028,-2.0500000000000185,Choice API E1704597；中证指数公司；地方政府债到期收益率:10年,2026-07-13 09:17:29
2024-07-26,2.296,0.022959999999999998,-0.6800000000000139,Choice API E1704597；中证指数公司；地方政府债到期收益率:10年,2026-07-13 09:17:29
2024-07-29,2.2871,0.022871000000000002,-0.8899999999999686,Choice API E1704597；中证指数公司；地方政府债到期收益率:10年,2026-07-13 09:17:29
2024-07-30,2.2745,0.022745,-1.2599999999999945,Choice API E1704597；中证指数公司；地方政府债到期收益率:10年,2026-07-13 09:17:29
2024-07-31,2.267,0.02267,-0.7500000000000284,Choice API E1704597；中证指数公司；地方政府债到期收益率:10年,2026-07-13 09:17:29
2024-08-01,2.2431,0.022431,-2.389999999999981,Choice API E1704597；中证指数公司；地方政府债到期收益率:10年,2026-07-13 09:17:29
2024-08-02,2.246,0.02246,0.28999999999999027,Choice API E1704597；中证指数公司；地方政府债到期收益率:10年,2026-07-13 09:17:29
2024-08-05,2.2126,0.022126,-3.3399999999999874,Choice API E1704597；中证指数公司；地方政府债到期收益率:10年,2026-07-13 09:17:29
2024-08-06,2.2363,0.022363,2.3699999999999832,Choice API E1704597；中证指数公司；地方政府债到期收益率:10年,2026-07-13 09:17:29
2024-08-07,2.2148,0.022147999999999998,-2.1500000000000075,Choice API E1704597；中证指数公司；地方政府债到期收益率:10年,2026-07-13 09:17:29
2024-08-08,2.223,0.02223,0.8199999999999985,Choice API E1704597；中证指数公司；地方政府债到期收益率:10年,2026-07-13 09:17:29
2024-08-09,2.2492,0.022492,2.6200000000000223,Choice API E1704597；中证指数公司；地方政府债到期收益率:10年,2026-07-13 09:17:29
2024-08-12,2.3004,0.023003999999999997,5.119999999999969,Choice API E1704597；中证指数公司；地方政府债到期收益率:10年,2026-07-13 09:17:29
2024-08-13,2.2926,0.022926000000000002,-0.7799999999999585,Choice API E1704597；中证指数公司；地方政府债到期收益率:10年,2026-07-13 09:17:29
2024-08-14,2.2801,0.022801000000000002,-1.2500000000000178,Choice API E1704597；中证指数公司；地方政府债到期收益率:10年,2026-07-13 09:17:29
2024-08-15,2.3011,0.023011,2.0999999999999908,Choice API E1704597；中证指数公司；地方政府债到期收益率:10年,2026-07-13 09:17:29
2024-08-16,2.2754,0.022754,-2.5700000000000056,Choice API E1704597；中证指数公司；地方政府债到期收益率:10年,2026-07-13 09:17:29
2024-08-19,2.2549,0.022549,-2.049999999999974,Choice API E1704597；中证指数公司；地方政府债到期收益率:10年,2026-07-13 09:17:29
2024-08-20,2.2693,0.022692999999999998,1.4399999999999746,Choice API E1704597；中证指数公司；地方政府债到期收益率:10年,2026-07-13 09:17:29
2024-08-21,2.2958,0.022958,2.649999999999997,Choice API E1704597；中证指数公司；地方政府债到期收益率:10年,2026-07-13 09:17:29
2024-08-22,2.2725,0.022725,-2.3299999999999876,Choice API E1704597；中证指数公司；地方政府债到期收益率:10年,2026-07-13 09:17:29
2024-08-23,2.2684,0.022684000000000003,-0.40999999999997705,Choice API E1704597；中证指数公司；地方政府债到期收益率:10年,2026-07-13 09:17:29
2024-08-26,2.2635,0.022635000000000002,-0.49000000000001265,Choice API E1704597；中证指数公司；地方政府债到期收益率:10年,2026-07-13 09:17:29
2024-08-27,2.274,0.02274,1.0499999999999954,Choice API E1704597；中证指数公司；地方政府债到期收益率:10年,2026-07-13 09:17:29
2024-08-28,2.2505,0.022505,-2.3499999999999854,Choice API E1704597；中证指数公司；地方政府债到期收益率:10年,2026-07-13 09:17:29
2024-08-29,2.2646,0.022646000000000003,1.4100000000000001,Choice API E1704597；中证指数公司；地方政府债到期收益率:10年,2026-07-13 09:17:29
2024-08-30,2.2644,0.022644,-0.019999999999997797,Choice API E1704597；中证指数公司；地方政府债到期收益率:10年,2026-07-13 09:17:29
2024-09-02,2.2509,0.022509,-1.3500000000000068,Choice API E1704597；中证指数公司；地方政府债到期收益率:10年,2026-07-13 09:17:29
2024-09-03,2.254,0.02254,0.30999999999998806,Choice API E1704597；中证指数公司；地方政府债到期收益率:10年,2026-07-13 09:17:29
2024-09-04,2.2436,0.022435999999999998,-1.0400000000000187,Choice API E1704597；中证指数公司；地方政府债到期收益率:10年,2026-07-13 09:17:29
2024-09-05,2.2432,0.022431999999999997,-0.039999999999995595,Choice API E1704597；中证指数公司；地方政府债到期收益率:10年,2026-07-13 09:17:29
2024-09-06,2.2319,0.022319,-1.1299999999999866,Choice API E1704597；中证指数公司；地方政府债到期收益率:10年,2026-07-13 09:17:29
2024-09-09,2.2199,0.022199,-1.200000000000001,Choice API E1704597；中证指数公司；地方政府债到期收益率:10年,2026-07-13 09:17:29
2024-09-10,2.2013,0.022012999999999998,-1.8600000000000172,Choice API E1704597；中证指数公司；地方政府债到期收益率:10年,2026-07-13 09:17:29
2024-09-11,2.1932,0.021932,-0.8099999999999774,Choice API E1704597；中证指数公司；地方政府债到期收益率:10年,2026-07-13 09:17:29
2024-09-12,2.1931,0.021931,-0.010000000000021103,Choice API E1704597；中证指数公司；地方政府债到期收益率:10年,2026-07-13 09:17:29
2024-09-13,2.1702,0.021702,-2.289999999999992,Choice API E1704597；中证指数公司；地方政府债到期收益率:10年,2026-07-13 09:17:29
2024-09-18,2.158,0.02158,-1.2199999999999989,Choice API E1704597；中证指数公司；地方政府债到期收益率:10年,2026-07-13 09:17:29
2024-09-19,2.173,0.02173,1.5000000000000124,Choice API E1704597；中证指数公司；地方政府债到期收益率:10年,2026-07-13 09:17:29
2024-09-20,2.1605,0.021605,-1.2500000000000178,Choice API E1704597；中证指数公司；地方政府债到期收益率:10年,2026-07-13 09:17:29
2024-09-23,2.1531,0.021530999999999998,-0.7400000000000073,Choice API E1704597；中证指数公司；地方政府债到期收益率:10年,2026-07-13 09:17:29
2024-09-24,2.1764,0.021764000000000002,2.330000000000032,Choice API E1704597；中证指数公司；地方政府债到期收益率:10年,2026-07-13 09:17:29
2024-09-25,2.1454,0.021454,-3.100000000000014,Choice API E1704597；中证指数公司；地方政府债到期收益率:10年,2026-07-13 09:17:29
2024-09-26,2.176,0.02176,3.0600000000000183,Choice API E1704597；中证指数公司；地方政府债到期收益率:10年,2026-07-13 09:17:29
2024-09-27,2.2455,0.022455,6.949999999999967,Choice API E1704597；中证指数公司；地方政府债到期收益率:10年,2026-07-13 09:17:29
2024-09-30,2.2418,0.022418,-0.36999999999998145,Choice API E1704597；中证指数公司；地方政府债到期收益率:10年,2026-07-13 09:17:29
2024-10-08,2.3007,0.023007,5.889999999999995,Choice API E1704597；中证指数公司；地方政府债到期收益率:10年,2026-07-13 09:17:29
2024-10-09,2.3022,0.023022,0.15000000000000568,Choice API E1704597；中证指数公司；地方政府债到期收益率:10年,2026-07-13 09:17:29
2024-10-10,2.289,0.02289,-1.3199999999999878,Choice API E1704597；中证指数公司；地方政府债到期收益率:10年,2026-07-13 09:17:29
2024-10-11,2.3076,0.023076,1.8599999999999728,Choice API E1704597；中证指数公司；地方政府债到期收益率:10年,2026-07-13 09:17:29
2024-10-14,2.286,0.022860000000000002,-2.159999999999984,Choice API E1704597；中证指数公司；地方政府债到期收益率:10年,2026-07-13 09:17:29
2024-10-15,2.2755,0.022755,-1.0499999999999954,Choice API E1704597；中证指数公司；地方政府债到期收益率:10年,2026-07-13 09:17:29
2024-10-16,2.2747,0.022747000000000003,-0.07999999999999119,Choice API E1704597；中证指数公司；地方政府债到期收益率:10年,2026-07-13 09:17:29
2024-10-17,2.25,0.0225,-2.4700000000000166,Choice API E1704597；中证指数公司；地方政府债到期收益率:10年,2026-07-13 09:17:29
2024-10-18,2.2649,0.022649,1.4899999999999913,Choice API E1704597；中证指数公司；地方政府债到期收益率:10年,2026-07-13 09:17:29
2024-10-21,2.2483,0.022483,-1.6599999999999948,Choice API E1704597；中证指数公司；地方政府债到期收益率:10年,2026-07-13 09:17:29
2024-10-22,2.264,0.022639999999999997,1.5699999999999825,Choice API E1704597；中证指数公司；地方政府债到期收益率:10年,2026-07-13 09:17:29
2024-10-23,2.2831,0.022831,1.910000000000034,Choice API E1704597；中证指数公司；地方政府债到期收益率:10年,2026-07-13 09:17:29
2024-10-24,2.2909,0.022909000000000002,0.7800000000000029,Choice API E1704597；中证指数公司；地方政府债到期收益率:10年,2026-07-13 09:17:29
2024-10-25,2.3026,0.023026,1.1699999999999822,Choice API E1704597；中证指数公司；地方政府债到期收益率:10年,2026-07-13 09:17:29
2024-10-28,2.315,0.02315,1.2399999999999967,Choice API E1704597；中证指数公司；地方政府债到期收益率:10年,2026-07-13 09:17:29
2024-10-29,2.3129,0.023129,-0.20999999999999908,Choice API E1704597；中证指数公司；地方政府债到期收益率:10年,2026-07-13 09:17:29
2024-10-30,2.3128,0.023128000000000003,-0.009999999999976694,Choice API E1704597；中证指数公司；地方政府债到期收益率:10年,2026-07-13 09:17:29
2024-10-31,2.3124,0.023124,-0.040000000000040004,Choice API E1704597；中证指数公司；地方政府债到期收益率:10年,2026-07-13 09:17:29
2024-11-01,2.304,0.023039999999999998,-0.8399999999999963,Choice API E1704597；中证指数公司；地方政府债到期收益率:10年,2026-07-13 09:17:29
2024-11-04,2.287,0.022869999999999998,-1.6999999999999904,Choice API E1704597；中证指数公司；地方政府债到期收益率:10年,2026-07-13 09:17:29
2024-11-05,2.2678,0.022677999999999997,-1.9200000000000106,Choice API E1704597；中证指数公司；地方政府债到期收益率:10年,2026-07-13 09:17:29
2024-11-06,2.2715,0.022715,0.37000000000002586,Choice API E1704597；中证指数公司；地方政府债到期收益率:10年,2026-07-13 09:17:29
2024-11-07,2.265,0.02265,-0.649999999999995,Choice API E1704597；中证指数公司；地方政府债到期收益率:10年,2026-07-13 09:17:29
2024-11-08,2.266,0.02266,0.09999999999998899,Choice API E1704597；中证指数公司；地方政府债到期收益率:10年,2026-07-13 09:17:29
2024-11-11,2.2546,0.022546,-1.1400000000000077,Choice API E1704597；中证指数公司；地方政府债到期收益率:10年,2026-07-13 09:17:29
2024-11-12,2.246,0.02246,-0.8599999999999941,Choice API E1704597；中证指数公司；地方政府债到期收益率:10年,2026-07-13 09:17:29
2024-11-13,2.254,0.02254,0.8000000000000007,Choice API E1704597；中证指数公司；地方政府债到期收益率:10年,2026-07-13 09:17:29
2024-11-14,2.2548,0.022548,0.07999999999999119,Choice API E1704597；中证指数公司；地方政府债到期收益率:10年,2026-07-13 09:17:29
2024-11-15,2.253,0.02253,-0.17999999999998018,Choice API E1704597；中证指数公司；地方政府债到期收益率:10年,2026-07-13 09:17:29
2024-11-18,2.275,0.02275,2.1999999999999797,Choice API E1704597；中证指数公司；地方政府债到期收益率:10年,2026-07-13 09:17:29
2024-11-19,2.27,0.0227,-0.49999999999998934,Choice API E1704597；中证指数公司；地方政府债到期收益率:10年,2026-07-13 09:17:29
2024-11-20,2.2769,0.022768999999999998,0.6899999999999906,Choice API E1704597；中证指数公司；地方政府债到期收益率:10年,2026-07-13 09:17:29
2024-11-21,2.2702,0.022702,-0.6699999999999928,Choice API E1704597；中证指数公司；地方政府债到期收益率:10年,2026-07-13 09:17:29
2024-11-22,2.2745,0.022745,0.43000000000001926,Choice API E1704597；中证指数公司；地方政府债到期收益率:10年,2026-07-13 09:17:29
2024-11-25,2.2586,0.022586,-1.5900000000000247,Choice API E1704597；中证指数公司；地方政府债到期收益率:10年,2026-07-13 09:17:29
2024-11-26,2.2452,0.022452,-1.3399999999999856,Choice API E1704597；中证指数公司；地方政府债到期收益率:10年,2026-07-13 09:17:29
2024-11-27,2.2363,0.022363,-0.890000000000013,Choice API E1704597；中证指数公司；地方政府债到期收益率:10年,2026-07-13 09:17:29
2024-11-28,2.2213,0.022212999999999997,-1.5000000000000124,Choice API E1704597；中证指数公司；地方政府债到期收益率:10年,2026-07-13 09:17:29
2024-11-29,2.203,0.022029999999999998,-1.8299999999999983,Choice API E1704597；中证指数公司；地方政府债到期收益率:10年,2026-07-13 09:17:29
2024-12-02,2.1561,0.021561,-4.689999999999994,Choice API E1704597；中证指数公司；地方政府债到期收益率:10年,2026-07-13 09:17:29
2024-12-03,2.151,0.021509999999999998,-0.5100000000000104,Choice API E1704597；中证指数公司；地方政府债到期收益率:10年,2026-07-13 09:17:29
2024-12-04,2.1196,0.021196000000000003,-3.139999999999965,Choice API E1704597；中证指数公司；地方政府债到期收益率:10年,2026-07-13 09:17:29
2024-12-05,2.0962,0.020962,-2.3400000000000087,Choice API E1704597；中证指数公司；地方政府债到期收益率:10年,2026-07-13 09:17:29
2024-12-06,2.0908,0.020908000000000003,-0.5399999999999849,Choice API E1704597；中证指数公司；地方政府债到期收益率:10年,2026-07-13 09:17:29
2024-12-09,2.0707,0.020707,-2.010000000000023,Choice API E1704597；中证指数公司；地方政府债到期收益率:10年,2026-07-13 09:17:29
2024-12-10,1.976,0.01976,-9.47,Choice API E1704597；中证指数公司；地方政府债到期收益率:10年,2026-07-13 09:17:29
2024-12-11,1.972,0.01972,-0.40000000000000036,Choice API E1704597；中证指数公司；地方政府债到期收益率:10年,2026-07-13 09:17:29
2024-12-12,1.9602,0.019601999999999998,-1.1800000000000033,Choice API E1704597；中证指数公司；地方政府债到期收益率:10年,2026-07-13 09:17:29
2024-12-13,1.9235,0.019235,-3.6699999999999955,Choice API E1704597；中证指数公司；地方政府债到期收益率:10年,2026-07-13 09:17:29
2024-12-16,1.8802,0.018802,-4.329999999999989,Choice API E1704597；中证指数公司；地方政府债到期收益率:10年,2026-07-13 09:17:29
2024-12-17,1.8963,0.018963,1.6100000000000003,Choice API E1704597；中证指数公司；地方政府债到期收益率:10年,2026-07-13 09:17:29
2024-12-18,1.892,0.01892,-0.43000000000001926,Choice API E1704597；中证指数公司；地方政府债到期收益率:10年,2026-07-13 09:17:29
2024-12-19,1.9037,0.019037,1.1700000000000044,Choice API E1704597；中证指数公司；地方政府债到期收益率:10年,2026-07-13 09:17:29
2024-12-20,1.8653,0.018653,-3.839999999999999,Choice API E1704597；中证指数公司；地方政府债到期收益率:10年,2026-07-13 09:17:29
2024-12-23,1.8712,0.018712,0.5900000000000016,Choice API E1704597；中证指数公司；地方政府债到期收益率:10年,2026-07-13 09:17:29
2024-12-24,1.8816,0.018816,1.0399999999999965,Choice API E1704597；中证指数公司；地方政府债到期收益率:10年,2026-07-13 09:17:29
2024-12-25,1.8852,0.018852,0.36000000000000476,Choice API E1704597；中证指数公司；地方政府债到期收益率:10年,2026-07-13 09:17:29
2024-12-26,1.8877,0.018876999999999998,0.24999999999999467,Choice API E1704597；中证指数公司；地方政府债到期收益率:10年,2026-07-13 09:17:29
2024-12-27,1.883,0.01883,-0.46999999999999265,Choice API E1704597；中证指数公司；地方政府债到期收益率:10年,2026-07-13 09:17:29
2024-12-30,1.8928,0.018928,0.9800000000000031,Choice API E1704597；中证指数公司；地方政府债到期收益率:10年,2026-07-13 09:17:29
2024-12-31,1.8652,0.018652,-2.760000000000007,Choice API E1704597；中证指数公司；地方政府债到期收益率:10年,2026-07-13 09:17:29
2025-01-02,1.7873,0.017873,-7.789999999999986,Choice API E1704597；中证指数公司；地方政府债到期收益率:10年,2026-07-13 09:17:29
2025-01-03,1.7835,0.017835,-0.38000000000000256,Choice API E1704597；中证指数公司；地方政府债到期收益率:10年,2026-07-13 09:17:29
2025-01-06,1.7634,0.017634,-2.0100000000000007,Choice API E1704597；中证指数公司；地方政府债到期收益率:10年,2026-07-13 09:17:29
2025-01-07,1.7653,0.017653000000000002,0.19000000000000128,Choice API E1704597；中证指数公司；地方政府债到期收益率:10年,2026-07-13 09:17:29
2025-01-08,1.757,0.01757,-0.8300000000000196,Choice API E1704597；中证指数公司；地方政府债到期收益率:10年,2026-07-13 09:17:29
2025-01-09,1.783,0.01783,2.6000000000000023,Choice API E1704597；中证指数公司；地方政府债到期收益率:10年,2026-07-13 09:17:29
2025-01-10,1.791,0.01791,0.8000000000000007,Choice API E1704597；中证指数公司；地方政府债到期收益率:10年,2026-07-13 09:17:29
2025-01-13,1.8086,0.018086,1.760000000000006,Choice API E1704597；中证指数公司；地方政府债到期收益率:10年,2026-07-13 09:17:29
2025-01-14,1.821,0.01821,1.2399999999999967,Choice API E1704597；中证指数公司；地方政府债到期收益率:10年,2026-07-13 09:17:29
2025-01-15,1.8207,0.018207,-0.029999999999996696,Choice API E1704597；中证指数公司；地方政府债到期收益率:10年,2026-07-13 09:17:29
2025-01-16,1.8204,0.018204,-0.029999999999996696,Choice API E1704597；中证指数公司；地方政府债到期收益率:10年,2026-07-13 09:17:29
2025-01-17,1.8208,0.018208,0.039999999999995595,Choice API E1704597；中证指数公司；地方政府债到期收益率:10年,2026-07-13 09:17:29
2025-01-20,1.8222,0.018222000000000002,0.14000000000000679,Choice API E1704597；中证指数公司；地方政府债到期收益率:10年,2026-07-13 09:17:29
2025-01-21,1.813,0.01813,-0.9200000000000097,Choice API E1704597；中证指数公司；地方政府债到期收益率:10年,2026-07-13 09:17:29
2025-01-22,1.8293,0.018293,1.6299999999999981,Choice API E1704597；中证指数公司；地方政府债到期收益率:10年,2026-07-13 09:17:29
2025-01-23,1.823,0.01823,-0.6299999999999972,Choice API E1704597；中证指数公司；地方政府债到期收益率:10年,2026-07-13 09:17:29
2025-01-24,1.8224,0.018224,-0.05999999999999339,Choice API E1704597；中证指数公司；地方政府债到期收益率:10年,2026-07-13 09:17:29
2025-01-27,1.8015,0.018015,-2.089999999999992,Choice API E1704597；中证指数公司；地方政府债到期收益率:10年,2026-07-13 09:17:29
2025-02-05,1.7924,0.017924,-0.9100000000000108,Choice API E1704597；中证指数公司；地方政府债到期收益率:10年,2026-07-13 09:17:29
2025-02-06,1.7811,0.017811,-1.1300000000000088,Choice API E1704597；中证指数公司；地方政府债到期收益率:10年,2026-07-13 09:17:29
2025-02-07,1.7883,0.017883,0.7200000000000095,Choice API E1704597；中证指数公司；地方政府债到期收益率:10年,2026-07-13 09:17:29
2025-02-10,1.7886,0.017886,0.029999999999996696,Choice API E1704597；中证指数公司；地方政府债到期收益率:10年,2026-07-13 09:17:29
2025-02-11,1.784,0.01784,-0.45999999999999375,Choice API E1704597；中证指数公司；地方政府债到期收益率:10年,2026-07-13 09:17:29
2025-02-12,1.7803,0.017803,-0.37000000000000366,Choice API E1704597；中证指数公司；地方政府债到期收益率:10年,2026-07-13 09:17:29
2025-02-13,1.7768,0.017768,-0.35000000000000586,Choice API E1704597；中证指数公司；地方政府债到期收益率:10年,2026-07-13 09:17:29
2025-02-14,1.7838,0.017838,0.7000000000000117,Choice API E1704597；中证指数公司；地方政府债到期收益率:10年,2026-07-13 09:17:29
2025-02-17,1.8101,0.018101,2.629999999999999,Choice API E1704597；中证指数公司；地方政府债到期收益率:10年,2026-07-13 09:17:29
2025-02-18,1.8208,0.018208,1.0699999999999932,Choice API E1704597；中证指数公司；地方政府债到期收益率:10年,2026-07-13 09:17:29
2025-02-19,1.8116,0.018116,-0.9199999999999875,Choice API E1704597；中证指数公司；地方政府债到期收益率:10年,2026-07-13 09:17:29
2025-02-20,1.8437,0.018437,3.2099999999999795,Choice API E1704597；中证指数公司；地方政府债到期收益率:10年,2026-07-13 09:17:29
2025-02-21,1.8631,0.018630999999999998,1.9400000000000084,Choice API E1704597；中证指数公司；地方政府债到期收益率:10年,2026-07-13 09:17:29
2025-02-24,1.9129,0.019129,4.980000000000007,Choice API E1704597；中证指数公司；地方政府债到期收益率:10年,2026-07-13 09:17:29
2025-02-25,1.9145,0.019145000000000002,0.16000000000000458,Choice API E1704597；中证指数公司；地方政府债到期收益率:10年,2026-07-13 09:17:29
2025-02-26,1.9236,0.019236,0.9099999999999886,Choice API E1704597；中证指数公司；地方政府债到期收益率:10年,2026-07-13 09:17:29
2025-02-27,1.9401,0.019400999999999998,1.649999999999996,Choice API E1704597；中证指数公司；地方政府债到期收益率:10年,2026-07-13 09:17:29
2025-02-28,1.9202,0.019202,-1.9900000000000029,Choice API E1704597；中证指数公司；地方政府债到期收益率:10年,2026-07-13 09:17:29
2025-03-03,1.9231,0.019231,0.29000000000001247,Choice API E1704597；中证指数公司；地方政府债到期收益率:10年,2026-07-13 09:17:29
2025-03-04,1.934,0.01934,1.089999999999991,Choice API E1704597；中证指数公司；地方政府债到期收益率:10年,2026-07-13 09:17:29
2025-03-05,1.9402,0.019402,0.6199999999999983,Choice API E1704597；中证指数公司；地方政府债到期收益率:10年,2026-07-13 09:17:29
2025-03-06,1.95,0.0195,0.9800000000000031,Choice API E1704597；中证指数公司；地方政府债到期收益率:10年,2026-07-13 09:17:29
2025-03-07,2.0,0.02,5.000000000000004,Choice API E1704597；中证指数公司；地方政府债到期收益率:10年,2026-07-13 09:17:29
2025-03-10,2.005,0.02005,0.49999999999998934,Choice API E1704597；中证指数公司；地方政府债到期收益率:10年,2026-07-13 09:17:29
2025-03-11,2.057,0.020569999999999998,5.200000000000005,Choice API E1704597；中证指数公司；地方政府债到期收益率:10年,2026-07-13 09:17:29
2025-03-12,2.044,0.02044,-1.29999999999999,Choice API E1704597；中证指数公司；地方政府债到期收益率:10年,2026-07-13 09:17:29
2025-03-13,2.0641,0.020641,2.0099999999999785,Choice API E1704597；中证指数公司；地方政府债到期收益率:10年,2026-07-13 09:17:29
2025-03-14,2.0734,0.020734,0.9300000000000086,Choice API E1704597；中证指数公司；地方政府债到期收益率:10年,2026-07-13 09:17:29
2025-03-17,2.1015,0.021015000000000002,2.8100000000000236,Choice API E1704597；中证指数公司；地方政府债到期收益率:10年,2026-07-13 09:17:29
2025-03-18,2.1054,0.021054,0.38999999999997925,Choice API E1704597；中证指数公司；地方政府债到期收益率:10年,2026-07-13 09:17:29
2025-03-19,2.1073,0.021072999999999998,0.19000000000000128,Choice API E1704597；中证指数公司；地方政府债到期收益率:10年,2026-07-13 09:17:29
2025-03-20,2.0905,0.020905,-1.6799999999999926,Choice API E1704597；中证指数公司；地方政府债到期收益率:10年,2026-07-13 09:17:29
2025-03-21,2.0706,0.020706000000000002,-1.9899999999999807,Choice API E1704597；中证指数公司；地方政府债到期收益率:10年,2026-07-13 09:17:29
2025-03-24,2.0719,0.020718999999999998,0.12999999999996348,Choice API E1704597；中证指数公司；地方政府债到期收益率:10年,2026-07-13 09:17:29
2025-03-25,2.0946,0.020946,2.2699999999999942,Choice API E1704597；中证指数公司；地方政府债到期收益率:10年,2026-07-13 09:17:29
2025-03-26,2.0707,0.020707,-2.389999999999981,Choice API E1704597；中证指数公司；地方政府债到期收益率:10年,2026-07-13 09:17:29
2025-03-27,2.084,0.02084,1.330000000000009,Choice API E1704597；中证指数公司；地方政府债到期收益率:10年,2026-07-13 09:17:29
2025-03-28,2.0603,0.020602999999999996,-2.3700000000000276,Choice API E1704597；中证指数公司；地方政府债到期收益率:10年,2026-07-13 09:17:29
2025-03-31,2.0485,0.020485000000000003,-1.1799999999999589,Choice API E1704597；中证指数公司；地方政府债到期收益率:10年,2026-07-13 09:17:29
2025-04-01,2.0425,0.020425,-0.6000000000000227,Choice API E1704597；中证指数公司；地方政府债到期收益率:10年,2026-07-13 09:17:29
2025-04-02,2.0099,0.020099,-3.2599999999999962,Choice API E1704597；中证指数公司；地方政府债到期收益率:10年,2026-07-13 09:17:29
2025-04-03,1.9496,0.019496,-6.030000000000002,Choice API E1704597；中证指数公司；地方政府债到期收益率:10年,2026-07-13 09:17:29
2025-04-07,1.884,0.01884,-6.56000000000001,Choice API E1704597；中证指数公司；地方政府债到期收益率:10年,2026-07-13 09:17:29
2025-04-08,1.9129,0.019129,2.890000000000015,Choice API E1704597；中证指数公司；地方政府债到期收益率:10年,2026-07-13 09:17:29
2025-04-09,1.9102,0.019101999999999997,-0.2700000000000147,Choice API E1704597；中证指数公司；地方政府债到期收益率:10年,2026-07-13 09:17:29
2025-04-10,1.9381,0.019381,2.7900000000000036,Choice API E1704597；中证指数公司；地方政府债到期收益率:10年,2026-07-13 09:17:29
2025-04-11,1.922,0.01922,-1.6100000000000003,Choice API E1704597；中证指数公司；地方政府债到期收益率:10年,2026-07-13 09:17:29
2025-04-14,1.9216,0.019216,-0.039999999999995595,Choice API E1704597；中证指数公司；地方政府债到期收益率:10年,2026-07-13 09:17:29
2025-04-15,1.9258,0.019258,0.41999999999999815,Choice API E1704597；中证指数公司；地方政府债到期收益率:10年,2026-07-13 09:17:29
2025-04-16,1.9115,0.019115,-1.429999999999998,Choice API E1704597；中证指数公司；地方政府债到期收益率:10年,2026-07-13 09:17:29
2025-04-17,1.9172,0.019172,0.5700000000000038,Choice API E1704597；中证指数公司；地方政府债到期收益率:10年,2026-07-13 09:17:29
2025-04-18,1.9148,0.019148000000000002,-0.23999999999999577,Choice API E1704597；中证指数公司；地方政府债到期收益率:10年,2026-07-13 09:17:29
2025-04-21,1.915,0.01915,0.019999999999997797,Choice API E1704597；中证指数公司；地方政府债到期收益率:10年,2026-07-13 09:17:29
2025-04-22,1.8948,0.018948,-2.0199999999999996,Choice API E1704597；中证指数公司；地方政府债到期收益率:10年,2026-07-13 09:17:29
2025-04-23,1.8939,0.018938999999999998,-0.09000000000001229,Choice API E1704597；中证指数公司；地方政府债到期收益率:10年,2026-07-13 09:17:29
2025-04-24,1.8908,0.018908,-0.30999999999998806,Choice API E1704597；中证指数公司；地方政府债到期收益率:10年,2026-07-13 09:17:29
2025-04-25,1.9004,0.019004,0.9600000000000053,Choice API E1704597；中证指数公司；地方政府债到期收益率:10年,2026-07-13 09:17:29
2025-04-28,1.8961,0.018961,-0.43000000000001926,Choice API E1704597；中证指数公司；地方政府债到期收益率:10年,2026-07-13 09:17:29
2025-04-29,1.8596,0.018595999999999998,-3.6499999999999977,Choice API E1704597；中证指数公司；地方政府债到期收益率:10年,2026-07-13 09:17:29
2025-04-30,1.85,0.018500000000000003,-0.9599999999999831,Choice API E1704597；中证指数公司；地方政府债到期收益率:10年,2026-07-13 09:17:29
2025-05-06,1.835,0.018349999999999998,-1.5000000000000124,Choice API E1704597；中证指数公司；地方政府债到期收益率:10年,2026-07-13 09:17:29
2025-05-07,1.8525,0.018525,1.750000000000007,Choice API E1704597；中证指数公司；地方政府债到期收益率:10年,2026-07-13 09:17:29
2025-05-08,1.84,0.0184,-1.2499999999999956,Choice API E1704597；中证指数公司；地方政府债到期收益率:10年,2026-07-13 09:17:29
2025-05-09,1.84,0.0184,0.0,Choice API E1704597；中证指数公司；地方政府债到期收益率:10年,2026-07-13 09:17:29
2025-05-12,1.8554,0.018554,1.5399999999999858,Choice API E1704597；中证指数公司；地方政府债到期收益率:10年,2026-07-13 09:17:29
2025-05-13,1.8798,0.018798,2.4399999999999977,Choice API E1704597；中证指数公司；地方政府债到期收益率:10年,2026-07-13 09:17:29
2025-05-14,1.86,0.018600000000000002,-1.9799999999999818,Choice API E1704597；中证指数公司；地方政府债到期收益率:10年,2026-07-13 09:17:29
2025-05-15,1.855,0.01855,-0.5000000000000115,Choice API E1704597；中证指数公司；地方政府债到期收益率:10年,2026-07-13 09:17:29
2025-05-16,1.865,0.01865,1.0000000000000009,Choice API E1704597；中证指数公司；地方政府债到期收益率:10年,2026-07-13 09:17:29
2025-05-19,1.86,0.018600000000000002,-0.49999999999998934,Choice API E1704597；中证指数公司；地方政府债到期收益率:10年,2026-07-13 09:17:29
2025-05-20,1.8647,0.018647,0.46999999999999265,Choice API E1704597；中证指数公司；地方政府债到期收益率:10年,2026-07-13 09:17:29
2025-05-21,1.8505,0.018505,-1.419999999999999,Choice API E1704597；中证指数公司；地方政府债到期收益率:10年,2026-07-13 09:17:29
2025-05-22,1.8575,0.018574999999999998,0.6999999999999895,Choice API E1704597；中证指数公司；地方政府债到期收益率:10年,2026-07-13 09:17:29
2025-05-23,1.86,0.018600000000000002,0.2500000000000169,Choice API E1704597；中证指数公司；地方政府债到期收益率:10年,2026-07-13 09:17:29
2025-05-26,1.8625,0.018625,0.24999999999999467,Choice API E1704597；中证指数公司；地方政府债到期收益率:10年,2026-07-13 09:17:29
2025-05-27,1.8625,0.018625,0.0,Choice API E1704597；中证指数公司；地方政府债到期收益率:10年,2026-07-13 09:17:29
2025-05-28,1.87,0.0187,0.7500000000000062,Choice API E1704597；中证指数公司；地方政府债到期收益率:10年,2026-07-13 09:17:29
2025-05-29,1.88,0.018799999999999997,0.9999999999999787,Choice API E1704597；中证指数公司；地方政府债到期收益率:10年,2026-07-13 09:17:29
2025-05-30,1.872,0.01872,-0.7999999999999785,Choice API E1704597；中证指数公司；地方政府债到期收益率:10年,2026-07-13 09:17:29
2025-06-03,1.87,0.0187,-0.20000000000000018,Choice API E1704597；中证指数公司；地方政府债到期收益率:10年,2026-07-13 09:17:29
2025-06-04,1.865,0.01865,-0.5000000000000115,Choice API E1704597；中证指数公司；地方政府债到期收益率:10年,2026-07-13 09:17:29
2025-06-05,1.86,0.018600000000000002,-0.49999999999998934,Choice API E1704597；中证指数公司；地方政府债到期收益率:10年,2026-07-13 09:17:29
2025-06-06,1.8525,0.018525,-0.7500000000000062,Choice API E1704597；中证指数公司；地方政府债到期收益率:10年,2026-07-13 09:17:29
2025-06-09,1.845,0.01845,-0.7500000000000062,Choice API E1704597；中证指数公司；地方政府债到期收益率:10年,2026-07-13 09:17:29
2025-06-10,1.8371,0.018371,-0.7900000000000018,Choice API E1704597；中证指数公司；地方政府债到期收益率:10年,2026-07-13 09:17:29
2025-06-11,1.83,0.0183,-0.7099999999999884,Choice API E1704597；中证指数公司；地方政府债到期收益率:10年,2026-07-13 09:17:29
2025-06-12,1.81,0.0181,-2.0000000000000018,Choice API E1704597；中证指数公司；地方政府债到期收益率:10年,2026-07-13 09:17:29
2025-06-13,1.8046,0.018046,-0.5400000000000071,Choice API E1704597；中证指数公司；地方政府债到期收益率:10年,2026-07-13 09:17:29
2025-06-16,1.7969,0.017969,-0.770000000000004,Choice API E1704597；中证指数公司；地方政府债到期收益率:10年,2026-07-13 09:17:29
2025-06-17,1.8025,0.018025,0.5600000000000049,Choice API E1704597；中证指数公司；地方政府债到期收益率:10年,2026-07-13 09:17:29
2025-06-18,1.7821,0.017821,-2.0399999999999974,Choice API E1704597；中证指数公司；地方政府债到期收益率:10年,2026-07-13 09:17:29
2025-06-19,1.785,0.017849999999999998,0.28999999999999027,Choice API E1704597；中证指数公司；地方政府债到期收益率:10年,2026-07-13 09:17:29
2025-06-20,1.7875,0.017875000000000002,0.2500000000000169,Choice API E1704597；中证指数公司；地方政府债到期收益率:10年,2026-07-13 09:17:29
2025-06-23,1.785,0.017849999999999998,-0.2500000000000169,Choice API E1704597；中证指数公司；地方政府债到期收益率:10年,2026-07-13 09:17:29
2025-06-24,1.7875,0.017875000000000002,0.2500000000000169,Choice API E1704597；中证指数公司；地方政府债到期收益率:10年,2026-07-13 09:17:29
2025-06-25,1.8,0.018000000000000002,1.2499999999999956,Choice API E1704597；中证指数公司；地方政府债到期收益率:10年,2026-07-13 09:17:29
2025-06-26,1.8,0.018000000000000002,0.0,Choice API E1704597；中证指数公司；地方政府债到期收益率:10年,2026-07-13 09:17:29
2025-06-27,1.7925,0.017925,-0.7500000000000062,Choice API E1704597；中证指数公司；地方政府债到期收益率:10年,2026-07-13 09:17:29
2025-06-30,1.7975,0.017975,0.5000000000000115,Choice API E1704597；中证指数公司；地方政府债到期收益率:10年,2026-07-13 09:17:29
2025-07-01,1.8,0.018000000000000002,0.24999999999999467,Choice API E1704597；中证指数公司；地方政府债到期收益率:10年,2026-07-13 09:17:29
2025-07-02,1.7825,0.017825,-1.750000000000007,Choice API E1704597；中证指数公司；地方政府债到期收益率:10年,2026-07-13 09:17:29
2025-07-03,1.775,0.01775,-0.7500000000000062,Choice API E1704597；中证指数公司；地方政府债到期收益率:10年,2026-07-13 09:17:29
2025-07-04,1.765,0.01765,-1.0000000000000009,Choice API E1704597；中证指数公司；地方政府债到期收益率:10年,2026-07-13 09:17:29
2025-07-07,1.755,0.01755,-1.0000000000000009,Choice API E1704597；中证指数公司；地方政府债到期收益率:10年,2026-07-13 09:17:29
2025-07-08,1.7675,0.017675,1.2500000000000178,Choice API E1704597；中证指数公司；地方政府债到期收益率:10年,2026-07-13 09:17:29
2025-07-09,1.77,0.0177,0.24999999999999467,Choice API E1704597；中证指数公司；地方政府债到期收益率:10年,2026-07-13 09:17:29
2025-07-10,1.7706,0.017706,0.05999999999999339,Choice API E1704597；中证指数公司；地方政府债到期收益率:10年,2026-07-13 09:17:29
2025-07-11,1.775,0.01775,0.43999999999999595,Choice API E1704597；中证指数公司；地方政府债到期收益率:10年,2026-07-13 09:17:29
2025-07-14,1.7807,0.017807,0.5700000000000038,Choice API E1704597；中证指数公司；地方政府债到期收益率:10年,2026-07-13 09:17:29
2025-07-15,1.776,0.01776,-0.46999999999999265,Choice API E1704597；中证指数公司；地方政府债到期收益率:10年,2026-07-13 09:17:29
2025-07-16,1.7685,0.017685,-0.7500000000000062,Choice API E1704597；中证指数公司；地方政府债到期收益率:10年,2026-07-13 09:17:29
2025-07-17,1.7642,0.017642,-0.42999999999999705,Choice API E1704597；中证指数公司；地方政府债到期收益率:10年,2026-07-13 09:17:29
2025-07-18,1.7645,0.017645,0.029999999999996696,Choice API E1704597；中证指数公司；地方政府债到期收益率:10年,2026-07-13 09:17:29
2025-07-21,1.7727,0.017727,0.8199999999999985,Choice API E1704597；中证指数公司；地方政府债到期收益率:10年,2026-07-13 09:17:29
2025-07-22,1.7735,0.017735,0.0800000000000134,Choice API E1704597；中证指数公司；地方政府债到期收益率:10年,2026-07-13 09:17:29
2025-07-23,1.7889,0.017889,1.5399999999999858,Choice API E1704597；中证指数公司；地方政府债到期收益率:10年,2026-07-13 09:17:29
2025-07-24,1.8004,0.018004,1.1500000000000066,Choice API E1704597；中证指数公司；地方政府债到期收益率:10年,2026-07-13 09:17:29
2025-07-25,1.8257,0.018257000000000002,2.53000000000001,Choice API E1704597；中证指数公司；地方政府债到期收益率:10年,2026-07-13 09:17:29
2025-07-28,1.8125,0.018125,-1.32000000000001,Choice API E1704597；中证指数公司；地方政府债到期收益率:10年,2026-07-13 09:17:29
2025-07-29,1.8171,0.018171,0.45999999999999375,Choice API E1704597；中证指数公司；地方政府债到期收益率:10年,2026-07-13 09:17:29
2025-07-30,1.8429,0.018429,2.5800000000000045,Choice API E1704597；中证指数公司；地方政府债到期收益率:10年,2026-07-13 09:17:29
2025-07-31,1.82,0.0182,-2.289999999999992,Choice API E1704597；中证指数公司；地方政府债到期收益率:10年,2026-07-13 09:17:29
2025-08-01,1.8194,0.018194,-0.060000000000015596,Choice API E1704597；中证指数公司；地方政府债到期收益率:10年,2026-07-13 09:17:29
2025-08-04,1.83,0.0183,1.0600000000000165,Choice API E1704597；中证指数公司；地方政府债到期收益率:10年,2026-07-13 09:17:29
2025-08-05,1.82,0.0182,-1.0000000000000009,Choice API E1704597；中证指数公司；地方政府债到期收益率:10年,2026-07-13 09:17:29
2025-08-06,1.825,0.01825,0.49999999999998934,Choice API E1704597；中证指数公司；地方政府债到期收益率:10年,2026-07-13 09:17:29
2025-08-07,1.8202,0.018202,-0.47999999999999154,Choice API E1704597；中证指数公司；地方政府债到期收益率:10年,2026-07-13 09:17:29
2025-08-08,1.8215,0.018215,0.12999999999998568,Choice API E1704597；中证指数公司；地方政府债到期收益率:10年,2026-07-13 09:17:29
2025-08-11,1.8234,0.018234,0.19000000000000128,Choice API E1704597；中证指数公司；地方政府债到期收益率:10年,2026-07-13 09:17:29
2025-08-12,1.8361,0.018361000000000002,1.2700000000000156,Choice API E1704597；中证指数公司；地方政府债到期收益率:10年,2026-07-13 09:17:29
2025-08-13,1.8396,0.018396,0.34999999999998366,Choice API E1704597；中证指数公司；地方政府债到期收益率:10年,2026-07-13 09:17:29
2025-08-14,1.87,0.0187,3.0400000000000205,Choice API E1704597；中证指数公司；地方政府债到期收益率:10年,2026-07-13 09:17:29
2025-08-15,1.8415,0.018415,-2.850000000000019,Choice API E1704597；中证指数公司；地方政府债到期收益率:10年,2026-07-13 09:17:29
2025-08-18,1.9,0.019,5.85,Choice API E1704597；中证指数公司；地方政府债到期收益率:10年,2026-07-13 09:17:29
2025-08-19,1.8998,0.018998,-0.019999999999997797,Choice API E1704597；中证指数公司；地方政府债到期收益率:10年,2026-07-13 09:17:29
2025-08-20,1.9151,0.019151,1.5300000000000091,Choice API E1704597；中证指数公司；地方政府债到期收益率:10年,2026-07-13 09:17:29
2025-08-21,1.9449,0.019449,2.980000000000005,Choice API E1704597；中证指数公司；地方政府债到期收益率:10年,2026-07-13 09:17:29
2025-08-22,1.9474,0.019474,0.24999999999999467,Choice API E1704597；中证指数公司；地方政府债到期收益率:10年,2026-07-13 09:17:29
2025-08-25,1.955,0.01955,0.7600000000000051,Choice API E1704597；中证指数公司；地方政府债到期收益率:10年,2026-07-13 09:17:29
2025-08-26,1.94,0.0194,-1.5000000000000124,Choice API E1704597；中证指数公司；地方政府债到期收益率:10年,2026-07-13 09:17:29
2025-08-27,1.9472,0.019472,0.7200000000000095,Choice API E1704597；中证指数公司；地方政府债到期收益率:10年,2026-07-13 09:17:29
2025-08-28,2.01,0.020099999999999996,6.2799999999999745,Choice API E1704597；中证指数公司；地方政府债到期收益率:10年,2026-07-13 09:17:29
2025-08-29,2.0098,0.020097999999999998,-0.019999999999997797,Choice API E1704597；中证指数公司；地方政府债到期收益率:10年,2026-07-13 09:17:29
2025-09-01,2.005,0.02005,-0.47999999999999154,Choice API E1704597；中证指数公司；地方政府债到期收益率:10年,2026-07-13 09:17:29
2025-09-02,2.0075,0.020075,0.24999999999999467,Choice API E1704597；中证指数公司；地方政府债到期收益率:10年,2026-07-13 09:17:29
2025-09-03,1.995,0.019950000000000002,-1.2499999999999734,Choice API E1704597；中证指数公司；地方政府债到期收益率:10年,2026-07-13 09:17:29
2025-09-04,1.98,0.019799999999999998,-1.5000000000000124,Choice API E1704597；中证指数公司；地方政府债到期收益率:10年,2026-07-13 09:17:29
2025-09-05,2.005,0.02005,2.499999999999991,Choice API E1704597；中证指数公司；地方政府债到期收益率:10年,2026-07-13 09:17:29
2025-09-08,2.025,0.02025,2.0000000000000018,Choice API E1704597；中证指数公司；地方政府债到期收益率:10年,2026-07-13 09:17:29
2025-09-09,2.025,0.02025,0.0,Choice API E1704597；中证指数公司；地方政府债到期收益率:10年,2026-07-13 09:17:29
2025-09-10,2.025,0.02025,0.0,Choice API E1704597；中证指数公司；地方政府债到期收益率:10年,2026-07-13 09:17:29
2025-09-11,2.025,0.02025,0.0,Choice API E1704597；中证指数公司；地方政府债到期收益率:10年,2026-07-13 09:17:29
2025-09-12,2.0261,0.020261,0.11000000000001009,Choice API E1704597；中证指数公司；地方政府债到期收益率:10年,2026-07-13 09:17:29
2025-09-15,2.0159,0.020158999999999996,-1.020000000000021,Choice API E1704597；中证指数公司；地方政府债到期收益率:10年,2026-07-13 09:17:29
2025-09-16,2.0107,0.020107,-0.5199999999999871,Choice API E1704597；中证指数公司；地方政府债到期收益率:10年,2026-07-13 09:17:29
2025-09-17,2.0105,0.020104999999999998,-0.019999999999997797,Choice API E1704597；中证指数公司；地方政府债到期收益率:10年,2026-07-13 09:17:29
2025-09-18,2.0125,0.020125,0.20000000000002238,Choice API E1704597；中证指数公司；地方政府债到期收益率:10年,2026-07-13 09:17:29
2025-09-19,2.0223,0.020223,0.9799999999999809,Choice API E1704597；中证指数公司；地方政府债到期收益率:10年,2026-07-13 09:17:29
2025-09-22,2.02,0.0202,-0.22999999999999687,Choice API E1704597；中证指数公司；地方政府债到期收益率:10年,2026-07-13 09:17:29
2025-09-23,2.04,0.0204,2.0000000000000018,Choice API E1704597；中证指数公司；地方政府债到期收益率:10年,2026-07-13 09:17:29
2025-09-24,2.06,0.0206,2.0000000000000018,Choice API E1704597；中证指数公司；地方政府债到期收益率:10年,2026-07-13 09:17:29
2025-09-25,2.075,0.02075,1.5000000000000124,Choice API E1704597；中证指数公司；地方政府债到期收益率:10年,2026-07-13 09:17:29
2025-09-26,2.04,0.0204,-3.500000000000014,Choice API E1704597；中证指数公司；地方政府债到期收益率:10年,2026-07-13 09:17:29
2025-09-29,2.0525,0.020525,1.2500000000000178,Choice API E1704597；中证指数公司；地方政府债到期收益率:10年,2026-07-13 09:17:29
2025-09-30,2.05,0.020499999999999997,-0.2500000000000391,Choice API E1704597；中证指数公司；地方政府债到期收益率:10年,2026-07-13 09:17:29
2025-10-09,2.0497,0.020497,-0.02999999999997449,Choice API E1704597；中证指数公司；地方政府债到期收益率:10年,2026-07-13 09:17:29
2025-10-10,2.0592,0.020592000000000003,0.9500000000000064,Choice API E1704597；中证指数公司；地方政府债到期收益率:10年,2026-07-13 09:17:29
2025-10-13,2.0314,0.020314000000000002,-2.7800000000000047,Choice API E1704597；中证指数公司；地方政府债到期收益率:10年,2026-07-13 09:17:29
2025-10-14,2.0348,0.020348,0.34000000000000696,Choice API E1704597；中证指数公司；地方政府债到期收益率:10年,2026-07-13 09:17:29
2025-10-15,2.0374,0.020374,0.25999999999997137,Choice API E1704597；中证指数公司；地方政府债到期收益率:10年,2026-07-13 09:17:29
2025-10-16,2.025,0.02025,-1.2399999999999967,Choice API E1704597；中证指数公司；地方政府债到期收益率:10年,2026-07-13 09:17:29
2025-10-17,2.0247,0.020247,-0.02999999999997449,Choice API E1704597；中证指数公司；地方政府债到期收益率:10年,2026-07-13 09:17:29
2025-10-20,2.0192,0.020192,-0.550000000000006,Choice API E1704597；中证指数公司；地方政府债到期收益率:10年,2026-07-13 09:17:29
2025-10-21,2.0225,0.020225,0.32999999999998586,Choice API E1704597；中证指数公司；地方政府债到期收益率:10年,2026-07-13 09:17:29
2025-10-22,2.0225,0.020225,0.0,Choice API E1704597；中证指数公司；地方政府债到期收益率:10年,2026-07-13 09:17:29
2025-10-23,2.0434,0.020434,2.090000000000014,Choice API E1704597；中证指数公司；地方政府债到期收益率:10年,2026-07-13 09:17:29
2025-10-24,2.0436,0.020436,0.019999999999997797,Choice API E1704597；中证指数公司；地方政府债到期收益率:10年,2026-07-13 09:17:29
2025-10-27,2.0507,0.020507,0.7099999999999884,Choice API E1704597；中证指数公司；地方政府债到期收益率:10年,2026-07-13 09:17:29
2025-10-28,2.0189,0.020189,-3.180000000000005,Choice API E1704597；中证指数公司；地方政府债到期收益率:10年,2026-07-13 09:17:29
2025-10-29,2.0347,0.020347,1.5800000000000036,Choice API E1704597；中证指数公司；地方政府债到期收益率:10年,2026-07-13 09:17:29
2025-10-30,2.0371,0.020371,0.24000000000001798,Choice API E1704597；中证指数公司；地方政府债到期收益率:10年,2026-07-13 09:17:29
2025-10-31,2.0325,0.020325000000000003,-0.45999999999999375,Choice API E1704597；中证指数公司；地方政府债到期收益率:10年,2026-07-13 09:17:29
2025-11-03,2.0296,0.020295999999999998,-0.2900000000000347,Choice API E1704597；中证指数公司；地方政府债到期收益率:10年,2026-07-13 09:17:29
2025-11-04,2.0294,0.020294,-0.019999999999997797,Choice API E1704597；中证指数公司；地方政府债到期收益率:10年,2026-07-13 09:17:29
2025-11-05,2.0104,0.020104,-1.8999999999999684,Choice API E1704597；中证指数公司；地方政府债到期收益率:10年,2026-07-13 09:17:29
2025-11-06,1.9954,0.019954,-1.5000000000000124,Choice API E1704597；中证指数公司；地方政府债到期收益率:10年,2026-07-13 09:17:29
2025-11-07,1.995,0.019950000000000002,-0.039999999999995595,Choice API E1704597；中证指数公司；地方政府债到期收益率:10年,2026-07-13 09:17:29
2025-11-10,1.9747,0.019747,-2.0300000000000207,Choice API E1704597；中证指数公司；地方政府债到期收益率:10年,2026-07-13 09:17:29
2025-11-11,1.9725,0.019725,-0.21999999999999797,Choice API E1704597；中证指数公司；地方政府债到期收益率:10年,2026-07-13 09:17:29
2025-11-12,1.9852,0.019852,1.2700000000000156,Choice API E1704597；中证指数公司；地方政府债到期收益率:10年,2026-07-13 09:17:29
2025-11-13,1.9965,0.019965,1.1299999999999866,Choice API E1704597；中证指数公司；地方政府债到期收益率:10年,2026-07-13 09:17:29
2025-11-14,1.9961,0.019961,-0.039999999999995595,Choice API E1704597；中证指数公司；地方政府债到期收益率:10年,2026-07-13 09:17:29
2025-11-17,1.9829,0.019829,-1.3199999999999878,Choice API E1704597；中证指数公司；地方政府债到期收益率:10年,2026-07-13 09:17:29
2025-11-18,1.9834,0.019834,0.04999999999999449,Choice API E1704597；中证指数公司；地方政府债到期收益率:10年,2026-07-13 09:17:29
2025-11-19,1.9753,0.019753,-0.8099999999999996,Choice API E1704597；中证指数公司；地方政府债到期收益率:10年,2026-07-13 09:17:29
2025-11-20,1.975,0.01975,-0.029999999999996696,Choice API E1704597；中证指数公司；地方政府债到期收益率:10年,2026-07-13 09:17:29
2025-11-21,1.9759,0.019759,0.08999999999999009,Choice API E1704597；中证指数公司；地方政府债到期收益率:10年,2026-07-13 09:17:29
2025-11-24,1.9784,0.019784,0.24999999999999467,Choice API E1704597；中证指数公司；地方政府债到期收益率:10年,2026-07-13 09:17:29
2025-11-25,1.9885,0.019885,1.0099999999999998,Choice API E1704597；中证指数公司；地方政府债到期收益率:10年,2026-07-13 09:17:29
2025-11-26,2.011,0.020110000000000003,2.2500000000000187,Choice API E1704597；中证指数公司；地方政府债到期收益率:10年,2026-07-13 09:17:29
2025-11-27,2.0256,0.020256,1.4599999999999724,Choice API E1704597；中证指数公司；地方政府债到期收益率:10年,2026-07-13 09:17:29
2025-11-28,2.0252,0.020252,-0.039999999999995595,Choice API E1704597；中证指数公司；地方政府债到期收益率:10年,2026-07-13 09:17:29
2025-12-01,2.0249,0.020249000000000003,-0.02999999999997449,Choice API E1704597；中证指数公司；地方政府债到期收益率:10年,2026-07-13 09:17:29
2025-12-02,2.0275,0.020274999999999998,0.25999999999997137,Choice API E1704597；中证指数公司；地方政府债到期收益率:10年,2026-07-13 09:17:29
2025-12-03,2.0298,0.020297999999999997,0.22999999999999687,Choice API E1704597；中证指数公司；地方政府债到期收益率:10年,2026-07-13 09:17:29
2025-12-04,2.0594,0.020594,2.9600000000000293,Choice API E1704597；中证指数公司；地方政府债到期收益率:10年,2026-07-13 09:17:29
2025-12-05,2.0606,0.020606,0.11999999999998678,Choice API E1704597；中证指数公司；地方政府债到期收益率:10年,2026-07-13 09:17:29
2025-12-08,2.0587,0.020587,-0.19000000000000128,Choice API E1704597；中证指数公司；地方政府债到期收益率:10年,2026-07-13 09:17:29
2025-12-09,2.0583,0.020583,-0.039999999999995595,Choice API E1704597；中证指数公司；地方政府债到期收益率:10年,2026-07-13 09:17:29
2025-12-10,2.0568,0.020568,-0.15000000000000568,Choice API E1704597；中证指数公司；地方政府债到期收益率:10年,2026-07-13 09:17:29
2025-12-11,2.0497,0.020497,-0.7099999999999884,Choice API E1704597；中证指数公司；地方政府债到期收益率:10年,2026-07-13 09:17:29
2025-12-12,2.0498,0.020498,0.009999999999976694,Choice API E1704597；中证指数公司；地方政府债到期收益率:10年,2026-07-13 09:17:29
2025-12-15,2.0525,0.020525,0.2700000000000369,Choice API E1704597；中证指数公司；地方政府债到期收益率:10年,2026-07-13 09:17:29
2025-12-16,2.046,0.02046,-0.6500000000000394,Choice API E1704597；中证指数公司；地方政府债到期收益率:10年,2026-07-13 09:17:29
2025-12-17,2.0461,0.020461,0.010000000000021103,Choice API E1704597；中证指数公司；地方政府债到期收益率:10年,2026-07-13 09:17:29
2025-12-18,2.0457,0.020457,-0.039999999999995595,Choice API E1704597；中证指数公司；地方政府债到期收益率:10年,2026-07-13 09:17:29
2025-12-19,2.0451,0.020451,-0.05999999999999339,Choice API E1704597；中证指数公司；地方政府债到期收益率:10年,2026-07-13 09:17:29
2025-12-22,2.0522,0.020522,0.7099999999999884,Choice API E1704597；中证指数公司；地方政府债到期收益率:10年,2026-07-13 09:17:29
2025-12-23,2.0472,0.020472,-0.49999999999998934,Choice API E1704597；中证指数公司；地方政府债到期收益率:10年,2026-07-13 09:17:29
2025-12-24,2.0452,0.020451999999999998,-0.20000000000002238,Choice API E1704597；中证指数公司；地方政府债到期收益率:10年,2026-07-13 09:17:29
2025-12-25,2.045,0.02045,-0.019999999999997797,Choice API E1704597；中证指数公司；地方政府债到期收益率:10年,2026-07-13 09:17:29
2025-12-26,2.0402,0.020402,-0.47999999999999154,Choice API E1704597；中证指数公司；地方政府债到期收益率:10年,2026-07-13 09:17:29
2025-12-29,2.0541,0.020541,1.3900000000000023,Choice API E1704597；中证指数公司；地方政府债到期收益率:10年,2026-07-13 09:17:29
2025-12-30,2.0487,0.020487000000000002,-0.5399999999999849,Choice API E1704597；中证指数公司；地方政府债到期收益率:10年,2026-07-13 09:17:29
2025-12-31,2.0613,0.020613000000000003,1.2599999999999945,Choice API E1704597；中证指数公司；地方政府债到期收益率:10年,2026-07-13 09:17:29
2026-01-05,2.0609,0.020609000000000002,-0.039999999999995595,Choice API E1704597；中证指数公司；地方政府债到期收益率:10年,2026-07-13 09:17:29
2026-01-06,2.0766,0.020766,1.5699999999999825,Choice API E1704597；中证指数公司；地方政府债到期收益率:10年,2026-07-13 09:17:29
2026-01-07,2.0872,0.020872,1.0600000000000165,Choice API E1704597；中证指数公司；地方政府债到期收益率:10年,2026-07-13 09:17:29
2026-01-08,2.087,0.020870000000000003,-0.019999999999997797,Choice API E1704597；中证指数公司；地方政府债到期收益率:10年,2026-07-13 09:17:29
2026-01-09,2.0749,0.020749,-1.2100000000000222,Choice API E1704597；中证指数公司；地方政府债到期收益率:10年,2026-07-13 09:17:29
2026-01-12,2.0703,0.020703,-0.45999999999999375,Choice API E1704597；中证指数公司；地方政府债到期收益率:10年,2026-07-13 09:17:29
2026-01-13,2.0587,0.020587,-1.1600000000000055,Choice API E1704597；中证指数公司；地方政府债到期收益率:10年,2026-07-13 09:17:29
2026-01-14,2.0781,0.020781,1.9400000000000084,Choice API E1704597；中证指数公司；地方政府债到期收益率:10年,2026-07-13 09:17:29
2026-01-15,2.0559,0.020558999999999997,-2.220000000000022,Choice API E1704597；中证指数公司；地方政府债到期收益率:10年,2026-07-13 09:17:29
2026-01-16,2.0557,0.020557,-0.019999999999997797,Choice API E1704597；中证指数公司；地方政府债到期收益率:10年,2026-07-13 09:17:29
2026-01-19,2.0284,0.020284,-2.729999999999988,Choice API E1704597；中证指数公司；地方政府债到期收益率:10年,2026-07-13 09:17:29
2026-01-20,2.019,0.02019,-0.9399999999999853,Choice API E1704597；中证指数公司；地方政府债到期收益率:10年,2026-07-13 09:17:29
2026-01-21,2.0184,0.020184,-0.05999999999999339,Choice API E1704597；中证指数公司；地方政府债到期收益率:10年,2026-07-13 09:17:29
2026-01-22,1.974,0.01974,-4.440000000000022,Choice API E1704597；中证指数公司；地方政府债到期收益率:10年,2026-07-13 09:17:29
2026-01-23,1.9788,0.019788,0.47999999999999154,Choice API E1704597；中证指数公司；地方政府债到期收益率:10年,2026-07-13 09:17:29
2026-01-26,2.0,0.02,2.1200000000000108,Choice API E1704597；中证指数公司；地方政府债到期收益率:10年,2026-07-13 09:17:29
2026-01-27,2.0016,0.020016,0.15999999999998238,Choice API E1704597；中证指数公司；地方政府债到期收益率:10年,2026-07-13 09:17:29
2026-01-28,2.005,0.02005,0.34000000000000696,Choice API E1704597；中证指数公司；地方政府债到期收益率:10年,2026-07-13 09:17:29
2026-01-29,2.0042,0.020042,-0.07999999999999119,Choice API E1704597；中证指数公司；地方政府债到期收益率:10年,2026-07-13 09:17:29
2026-01-30,1.9936,0.019936,-1.0599999999999943,Choice API E1704597；中证指数公司；地方政府债到期收益率:10年,2026-07-13 09:17:29
2026-02-02,1.9937,0.019937,0.009999999999998899,Choice API E1704597；中证指数公司；地方政府债到期收益率:10年,2026-07-13 09:17:29
2026-02-03,1.99,0.0199,-0.37000000000000366,Choice API E1704597；中证指数公司；地方政府债到期收益率:10年,2026-07-13 09:17:29
2026-02-04,2.002,0.020019999999999996,1.1999999999999789,Choice API E1704597；中证指数公司；地方政府债到期收益率:10年,2026-07-13 09:17:29
2026-02-05,1.9996,0.019996,-0.23999999999997357,Choice API E1704597；中证指数公司；地方政府债到期收益率:10年,2026-07-13 09:17:29
2026-02-06,1.9927,0.019927,-0.6900000000000128,Choice API E1704597；中证指数公司；地方政府债到期收益率:10年,2026-07-13 09:17:29
2026-02-09,2.0023,0.020023,0.9600000000000053,Choice API E1704597；中证指数公司；地方政府债到期收益率:10年,2026-07-13 09:17:29
2026-02-10,1.995,0.019950000000000002,-0.7299999999999862,Choice API E1704597；中证指数公司；地方政府债到期收益率:10年,2026-07-13 09:17:29
2026-02-11,1.988,0.01988,-0.7000000000000117,Choice API E1704597；中证指数公司；地方政府债到期收益率:10年,2026-07-13 09:17:29
2026-02-12,1.9775,0.019775,-1.0499999999999954,Choice API E1704597；中证指数公司；地方政府债到期收益率:10年,2026-07-13 09:17:29
2026-02-13,1.9787,0.019787,0.11999999999998678,Choice API E1704597；中证指数公司；地方政府债到期收益率:10年,2026-07-13 09:17:29
2026-02-24,1.9708,0.019708,-0.7899999999999796,Choice API E1704597；中证指数公司；地方政府债到期收益率:10年,2026-07-13 09:17:29
2026-02-25,1.9769,0.019769000000000002,0.6099999999999994,Choice API E1704597；中证指数公司；地方政府债到期收益率:10年,2026-07-13 09:17:29
2026-02-26,1.9965,0.019965,1.959999999999984,Choice API E1704597；中证指数公司；地方政府债到期收益率:10年,2026-07-13 09:17:29
2026-02-27,1.9963,0.019962999999999998,-0.019999999999997797,Choice API E1704597；中证指数公司；地方政府债到期收益率:10年,2026-07-13 09:17:29
2026-03-02,1.9868,0.019868,-0.9500000000000064,Choice API E1704597；中证指数公司；地方政府债到期收益率:10年,2026-07-13 09:17:29
2026-03-03,1.9843,0.019843,-0.24999999999999467,Choice API E1704597；中证指数公司；地方政府债到期收益率:10年,2026-07-13 09:17:29
2026-03-04,1.982,0.01982,-0.22999999999999687,Choice API E1704597；中证指数公司；地方政府债到期收益率:10年,2026-07-13 09:17:29
2026-03-05,1.9816,0.019816,-0.039999999999995595,Choice API E1704597；中证指数公司；地方政府债到期收益率:10年,2026-07-13 09:17:29
2026-03-06,1.9871,0.019871,0.550000000000006,Choice API E1704597；中证指数公司；地方政府债到期收益率:10年,2026-07-13 09:17:29
2026-03-09,1.9887,0.019887,0.15999999999998238,Choice API E1704597；中证指数公司；地方政府债到期收益率:10年,2026-07-13 09:17:29
2026-03-10,1.9858,0.019858,-0.28999999999999027,Choice API E1704597；中证指数公司；地方政府债到期收益率:10年,2026-07-13 09:17:29
2026-03-11,2.0041,0.020041000000000003,1.8300000000000205,Choice API E1704597；中证指数公司；地方政府债到期收益率:10年,2026-07-13 09:17:29
2026-03-12,2.0012,0.020012,-0.2900000000000347,Choice API E1704597；中证指数公司；地方政府债到期收益率:10年,2026-07-13 09:17:29
2026-03-13,1.9881,0.019881,-1.309999999999989,Choice API E1704597；中证指数公司；地方政府债到期收益率:10年,2026-07-13 09:17:29
2026-03-16,2.0014,0.020013999999999997,1.3299999999999867,Choice API E1704597；中证指数公司；地方政府债到期收益率:10年,2026-07-13 09:17:29
2026-03-17,2.0104,0.020104,0.9000000000000341,Choice API E1704597；中证指数公司；地方政府债到期收益率:10年,2026-07-13 09:17:29
2026-03-18,1.9952,0.019952,-1.5200000000000102,Choice API E1704597；中证指数公司；地方政府债到期收益率:10年,2026-07-13 09:17:29
2026-03-19,1.9874,0.019874,-0.7800000000000029,Choice API E1704597；中证指数公司；地方政府债到期收益率:10年,2026-07-13 09:17:29
2026-03-20,1.9871,0.019871,-0.029999999999996696,Choice API E1704597；中证指数公司；地方政府债到期收益率:10年,2026-07-13 09:17:29
2026-03-23,1.9956,0.019956,0.8499999999999952,Choice API E1704597；中证指数公司；地方政府债到期收益率:10年,2026-07-13 09:17:29
2026-03-24,1.9924,0.019924,-0.32000000000000917,Choice API E1704597；中证指数公司；地方政府债到期收益率:10年,2026-07-13 09:17:29
2026-03-25,1.9932,0.019932000000000002,0.0800000000000134,Choice API E1704597；中证指数公司；地方政府债到期收益率:10年,2026-07-13 09:17:29
2026-03-26,2.0085,0.020085000000000002,1.5300000000000091,Choice API E1704597；中证指数公司；地方政府债到期收益率:10年,2026-07-13 09:17:29
2026-03-27,2.0046,0.020045999999999998,-0.39000000000002366,Choice API E1704597；中证指数公司；地方政府债到期收益率:10年,2026-07-13 09:17:29
2026-03-30,1.9735,0.019735,-3.1099999999999905,Choice API E1704597；中证指数公司；地方政府债到期收益率:10年,2026-07-13 09:17:29
2026-03-31,1.9841,0.019841,1.0599999999999943,Choice API E1704597；中证指数公司；地方政府债到期收益率:10年,2026-07-13 09:17:29
2026-04-01,1.9895,0.019895,0.5400000000000071,Choice API E1704597；中证指数公司；地方政府债到期收益率:10年,2026-07-13 09:17:29
2026-04-02,1.9928,0.019927999999999998,0.32999999999998586,Choice API E1704597；中证指数公司；地方政府债到期收益率:10年,2026-07-13 09:17:29
2026-04-03,1.9812,0.019812,-1.1599999999999833,Choice API E1704597；中证指数公司；地方政府债到期收益率:10年,2026-07-13 09:17:29
2026-04-07,1.9711,0.019711,-1.0099999999999998,Choice API E1704597；中证指数公司；地方政府债到期收益率:10年,2026-07-13 09:17:29
2026-04-08,1.9774,0.019774,0.6299999999999972,Choice API E1704597；中证指数公司；地方政府债到期收益率:10年,2026-07-13 09:17:29
2026-04-09,1.9634,0.019634,-1.4000000000000012,Choice API E1704597；中证指数公司；地方政府债到期收益率:10年,2026-07-13 09:17:29
2026-04-10,1.9699,0.019699,0.649999999999995,Choice API E1704597；中证指数公司；地方政府债到期收益率:10年,2026-07-13 09:17:29
2026-04-13,1.96,0.0196,-0.990000000000002,Choice API E1704597；中证指数公司；地方政府债到期收益率:10年,2026-07-13 09:17:29
2026-04-14,1.9566,0.019566,-0.34000000000000696,Choice API E1704597；中证指数公司；地方政府债到期收益率:10年,2026-07-13 09:17:29
2026-04-15,1.9595,0.019595,0.29000000000001247,Choice API E1704597；中证指数公司；地方政府债到期收益率:10年,2026-07-13 09:17:29
2026-04-16,1.9375,0.019375,-2.200000000000002,Choice API E1704597；中证指数公司；地方政府债到期收益率:10年,2026-07-13 09:17:29
2026-04-17,1.9163,0.019163,-2.1200000000000108,Choice API E1704597；中证指数公司；地方政府债到期收益率:10年,2026-07-13 09:17:29
2026-04-20,1.9261,0.019261,0.9800000000000031,Choice API E1704597；中证指数公司；地方政府债到期收益率:10年,2026-07-13 09:17:29
2026-04-21,1.9151,0.019151,-1.0999999999999899,Choice API E1704597；中证指数公司；地方政府债到期收益率:10年,2026-07-13 09:17:29
2026-04-22,1.9121,0.019121,-0.30000000000001137,Choice API E1704597；中证指数公司；地方政府债到期收益率:10年,2026-07-13 09:17:29
2026-04-23,1.8959,0.018959,-1.6199999999999992,Choice API E1704597；中证指数公司；地方政府债到期收益率:10年,2026-07-13 09:17:29
2026-04-24,1.8987,0.018987,0.28000000000001357,Choice API E1704597；中证指数公司；地方政府债到期收益率:10年,2026-07-13 09:17:29
2026-04-27,1.929,0.01929,3.0299999999999994,Choice API E1704597；中证指数公司；地方政府债到期收益率:10年,2026-07-13 09:17:29
2026-04-28,1.932,0.01932,0.29999999999998916,Choice API E1704597；中证指数公司；地方政府债到期收益率:10年,2026-07-13 09:17:29
2026-04-29,1.9212,0.019212,-1.079999999999992,Choice API E1704597；中证指数公司；地方政府债到期收益率:10年,2026-07-13 09:17:29
2026-04-30,1.9208,0.019208,-0.039999999999995595,Choice API E1704597；中证指数公司；地方政府债到期收益率:10年,2026-07-13 09:17:29
2026-05-06,1.9457,0.019457,2.489999999999992,Choice API E1704597；中证指数公司；地方政府债到期收益率:10年,2026-07-13 09:17:29
2026-05-07,1.9443,0.019443,-0.14000000000000679,Choice API E1704597；中证指数公司；地方政府债到期收益率:10年,2026-07-13 09:17:29
2026-05-08,1.9148,0.019148000000000002,-2.949999999999986,Choice API E1704597；中证指数公司；地方政府债到期收益率:10年,2026-07-13 09:17:29
2026-05-11,1.917,0.01917,0.21999999999999797,Choice API E1704597；中证指数公司；地方政府债到期收益率:10年,2026-07-13 09:17:29
2026-05-12,1.9052,0.019052,-1.1800000000000033,Choice API E1704597；中证指数公司；地方政府债到期收益率:10年,2026-07-13 09:17:29
2026-05-13,1.8935,0.018935,-1.1700000000000044,Choice API E1704597；中证指数公司；地方政府债到期收益率:10年,2026-07-13 09:17:29
2026-05-14,1.8935,0.018935,0.0,Choice API E1704597；中证指数公司；地方政府债到期收益率:10年,2026-07-13 09:17:29
2026-05-15,1.8906,0.018906,-0.28999999999999027,Choice API E1704597；中证指数公司；地方政府债到期收益率:10年,2026-07-13 09:17:29
2026-05-18,1.8907,0.018907,0.009999999999998899,Choice API E1704597；中证指数公司；地方政府债到期收益率:10年,2026-07-13 09:17:29
2026-05-19,1.8817,0.018817,-0.9000000000000119,Choice API E1704597；中证指数公司；地方政府债到期收益率:10年,2026-07-13 09:17:29
2026-05-20,1.8741,0.018741,-0.7599999999999829,Choice API E1704597；中证指数公司；地方政府债到期收益率:10年,2026-07-13 09:17:29
2026-05-21,1.8776,0.018776,0.34999999999998366,Choice API E1704597；中证指数公司；地方政府债到期收益率:10年,2026-07-13 09:17:29
2026-05-22,1.8732,0.018732,-0.43999999999999595,Choice API E1704597；中证指数公司；地方政府债到期收益率:10年,2026-07-13 09:17:29
2026-05-25,1.8673,0.018673,-0.5900000000000016,Choice API E1704597；中证指数公司；地方政府债到期收益率:10年,2026-07-13 09:17:29
2026-05-26,1.8692,0.018692,0.19000000000000128,Choice API E1704597；中证指数公司；地方政府债到期收益率:10年,2026-07-13 09:17:29
2026-05-27,1.8647,0.018647,-0.44999999999999485,Choice API E1704597；中证指数公司；地方政府债到期收益率:10年,2026-07-13 09:17:29
2026-05-28,1.8425,0.018425,-2.2199999999999998,Choice API E1704597；中证指数公司；地方政府债到期收益率:10年,2026-07-13 09:17:29
2026-05-29,1.8219,0.018219,-2.059999999999995,Choice API E1704597；中证指数公司；地方政府债到期收益率:10年,2026-07-13 09:17:29
2026-06-01,1.8108,0.018108,-1.110000000000011,Choice API E1704597；中证指数公司；地方政府债到期收益率:10年,2026-07-13 09:17:29
2026-06-02,1.8115,0.018115000000000003,0.0700000000000145,Choice API E1704597；中证指数公司；地方政府债到期收益率:10年,2026-07-13 09:17:29
2026-06-03,1.8107,0.018106999999999998,-0.0800000000000134,Choice API E1704597；中证指数公司；地方政府债到期收益率:10年,2026-07-13 09:17:29
2026-06-04,1.8012,0.018012,-0.9500000000000064,Choice API E1704597；中证指数公司；地方政府债到期收益率:10年,2026-07-13 09:17:29
2026-06-05,1.8013,0.018012999999999998,0.009999999999998899,Choice API E1704597；中证指数公司；地方政府债到期收益率:10年,2026-07-13 09:17:29
2026-06-08,1.8133,0.018133,1.200000000000001,Choice API E1704597；中证指数公司；地方政府债到期收益率:10年,2026-07-13 09:17:29
2026-06-09,1.8254,0.018254,1.21,Choice API E1704597；中证指数公司；地方政府债到期收益率:10年,2026-07-13 09:17:29
2026-06-10,1.8295,0.018295,0.40999999999999925,Choice API E1704597；中证指数公司；地方政府债到期收益率:10年,2026-07-13 09:17:29
2026-06-11,1.8441,0.018441,1.4600000000000168,Choice API E1704597；中证指数公司；地方政府债到期收益率:10年,2026-07-13 09:17:29
2026-06-12,1.8414,0.018414,-0.2700000000000147,Choice API E1704597；中证指数公司；地方政府债到期收益率:10年,2026-07-13 09:17:29
2026-06-15,1.845,0.01845,0.36000000000000476,Choice API E1704597；中证指数公司；地方政府债到期收益率:10年,2026-07-13 09:17:29
2026-06-16,1.8425,0.018425,-0.24999999999999467,Choice API E1704597；中证指数公司；地方政府债到期收益率:10年,2026-07-13 09:17:29
2026-06-17,1.8416,0.018416,-0.09000000000001229,Choice API E1704597；中证指数公司；地方政府债到期收益率:10年,2026-07-13 09:17:29
2026-06-18,1.8415,0.018415,-0.009999999999998899,Choice API E1704597；中证指数公司；地方政府债到期收益率:10年,2026-07-13 09:17:29
2026-06-22,1.84,0.0184,-0.14999999999998348,Choice API E1704597；中证指数公司；地方政府债到期收益率:10年,2026-07-13 09:17:29
2026-06-23,1.8454,0.018453999999999998,0.5399999999999849,Choice API E1704597；中证指数公司；地方政府债到期收益率:10年,2026-07-13 09:17:29
2026-06-24,1.8475,0.018475,0.20999999999999908,Choice API E1704597；中证指数公司；地方政府债到期收益率:10年,2026-07-13 09:17:29
2026-06-25,1.85,0.018500000000000003,0.2500000000000169,Choice API E1704597；中证指数公司；地方政府债到期收益率:10年,2026-07-13 09:17:29
2026-06-26,1.84,0.0184,-1.0000000000000009,Choice API E1704597；中证指数公司；地方政府债到期收益率:10年,2026-07-13 09:17:29
2026-06-29,1.83,0.0183,-1.0000000000000009,Choice API E1704597；中证指数公司；地方政府债到期收益率:10年,2026-07-13 09:17:29
2026-06-30,1.8394,0.018394,0.9399999999999853,Choice API E1704597；中证指数公司；地方政府债到期收益率:10年,2026-07-13 09:17:29
2026-07-01,1.84,0.0184,0.060000000000015596,Choice API E1704597；中证指数公司；地方政府债到期收益率:10年,2026-07-13 09:17:29
2026-07-02,1.835,0.018349999999999998,-0.5000000000000115,Choice API E1704597；中证指数公司；地方政府债到期收益率:10年,2026-07-13 09:17:29
2026-07-03,1.835,0.018349999999999998,0.0,Choice API E1704597；中证指数公司；地方政府债到期收益率:10年,2026-07-13 09:17:29
2026-07-06,1.8335,0.018335,-0.15000000000000568,Choice API E1704597；中证指数公司；地方政府债到期收益率:10年,2026-07-13 09:17:29
2026-07-07,1.8355,0.018355,0.20000000000000018,Choice API E1704597；中证指数公司；地方政府债到期收益率:10年,2026-07-13 09:17:29
2026-07-08,1.8345,0.018345,-0.09999999999998899,Choice API E1704597；中证指数公司；地方政府债到期收益率:10年,2026-07-13 09:17:29
2026-07-09,1.83,0.0183,-0.44999999999999485,Choice API E1704597；中证指数公司；地方政府债到期收益率:10年,2026-07-13 09:17:29
2026-07-10,1.83,0.0183,0.0,Choice API E1704597；中证指数公司；地方政府债到期收益率:10年,2026-07-13 09:17:29
