信号日期,下一信号日期,仓位,结论,周期策略收益,周期基准收益,周期超额收益,周期carry贡献,周期资本利得贡献,周期策略资本利得_BP,周期基准资本利得_BP,周期资本利得超额_BP,资本利得交易是否盈利,资本利得判断类型,基准是否赚钱,策略是否亏钱,错判类型,供给_发行量_得分,供给_发行量_定性,供给_发行占比_得分,供给_发行占比_定性,供给_10Y以上发行_得分,供给_10Y以上发行_定性,供给_发飞惩罚_得分,供给_发飞惩罚_定性,银行需求_得分,银行需求_定性,利差_地方债国债_得分,利差_地方债国债_定性,利差_周度变化_得分,利差_周度变化_定性,利差_地方债NCD_得分,利差_地方债NCD_定性,非银情绪_得分,非银情绪_定性
2022-01-17,2022-01-24,0.0,中性,0.0,0.0070126317541745475,-0.0070126317541745475,0.0,0.0,0.0,7.600000000000003,-7.600000000000003,否,低仓少吃,是,否,低仓少吃,5.0,中性,5.0,中性,10.0,中性,0.0,中性,0.0,利空,0.0,利空,10.0,中性,0.0,利空,25.0,利多
2022-01-24,2022-02-14,0.0,中性,0.0,-0.005783418324990297,0.005783418324990297,0.0,0.0,0.0,-7.91,7.91,否,有效防守,否,否,有效防守,0.0,利空,0.0,利空,0.0,利空,0.0,中性,5.0,中性,0.0,利空,20.0,利多,0.0,中性,25.0,利多
2022-02-14,2022-02-21,1.0,看多,-0.0013263015373861098,-0.00017404841880164224,-0.0011522531185844676,0.0006120436507936504,-0.0019379203525157814,-2.2799999999999905,-0.8400000000000074,-1.439999999999983,否,该空没空,否,是,该空没空,10.0,利多,10.0,利多,10.0,中性,0.0,中性,10.0,利多,2.5,中性,10.0,中性,0.0,利多,25.0,利多
2022-02-21,2022-02-28,0.0,中性,0.0,0.0024866563633689776,-0.0024866563633689776,0.0,0.0,0.0,2.2499999999999956,-2.2499999999999956,否,低仓少吃,是,否,低仓少吃,0.0,利空,0.0,利空,0.0,利空,0.0,中性,5.0,中性,0.0,利空,20.0,利多,0.0,中性,25.0,利多
2022-02-28,2022-03-07,-1.0,看空,0.0006457306321381306,-0.0026818362863498812,0.003327566918488012,-0.0006237182539682541,0.001271314524148609,1.500000000000043,-3.7500000000000036,5.250000000000046,是,有效防守,否,否,有效防守,5.0,中性,5.0,中性,10.0,中性,0.0,中性,0.0,利空,5.0,利多,0.0,利空,0.0,中性,0.0,利空
2022-03-07,2022-03-14,0.0,中性,0.0,0.002461578229761896,-0.002461578229761896,0.0,0.0,0.0,2.2300000000000098,-2.2300000000000098,否,低仓少吃,是,否,低仓少吃,5.0,中性,5.0,中性,10.0,中性,0.0,中性,10.0,利多,2.5,中性,20.0,利多,0.0,中性,0.0,利空
2022-03-14,2022-03-21,-1.0,看空,-0.0018625533232675684,0.000317041897432091,-0.0021795952206996594,-0.0006257817460317461,-0.001229526722915911,-1.4600000000010438,-0.2500000000000069,-1.210000000001037,否,其他,是,是,做空做反,5.0,中性,5.0,中性,10.0,中性,0.0,中性,0.0,利空,5.0,利多,0.0,利空,0.0,利空,0.0,利空
2022-03-21,2022-03-28,-1.0,看空,-0.0022503513867430103,0.0001622364260596143,-0.0024125878128026246,-0.0006270674603174595,-0.0016247379791951631,-1.9199999999990056,-0.4499999999999993,-1.4699999999990063,否,其他,是,是,做空做反,5.0,中性,5.0,中性,0.0,利空,0.0,中性,0.0,利空,5.0,利多,10.0,中性,0.0,中性,0.0,利空
2022-03-28,2022-04-04,0.0,中性,0.0,0.0025260347824360707,-0.0025260347824360707,0.0,0.0,0.0,2.29,-2.29,否,低仓少吃,是,否,低仓少吃,5.0,中性,0.0,利空,10.0,中性,0.0,中性,5.0,中性,2.5,中性,10.0,中性,0.0,利空,0.0,利空
2022-04-04,2022-04-11,0.0,中性,0.0,0.0021733070047331715,-0.0021733070047331715,0.0,0.0,0.0,2.1400000000009953,-2.1400000000009953,否,低仓少吃,是,否,低仓少吃,10.0,利多,10.0,利多,20.0,利多,0.0,中性,10.0,利多,2.5,中性,10.0,中性,0.0,中性,0.0,利空
2022-04-11,2022-04-18,1.0,看多,0.0012560089962778687,0.0001230747570133417,0.001132934239264527,0.0006159126984126985,0.0006481736023328387,0.7700000000000071,-0.49000000000097554,1.2600000000009826,是,其他,是,否,有效进攻,10.0,利多,10.0,利多,20.0,利多,0.0,中性,5.0,中性,2.5,中性,10.0,中性,0.0,利多,25.0,利多
2022-04-18,2022-04-25,0.0,中性,0.0,-0.006601410332734758,0.006601410332734758,0.0,0.0,0.0,-8.31000000000002,8.31000000000002,否,有效防守,否,否,有效防守,5.0,中性,10.0,利多,20.0,利多,0.0,中性,10.0,利多,0.0,利空,20.0,利多,0.0,利多,0.0,利空
2022-04-25,2022-05-02,0.0,中性,0.0,0.0007539258693942674,-0.0007539258693942674,0.0,0.0,0.0,0.22999999999998733,-0.22999999999998733,否,低仓少吃,是,否,低仓少吃,5.0,中性,5.0,中性,10.0,中性,0.0,中性,5.0,中性,0.0,利空,20.0,利多,0.0,利多,0.0,利空
2022-05-02,2022-05-09,1.0,看多,0.004993285124373248,0.0011970067571169807,0.003796278367256267,0.00024751984126984125,0.0047395496360628855,5.58999999999997,1.1300000000000199,4.459999999999949,是,有效进攻,是,否,有效进攻,10.0,利多,10.0,利多,20.0,利多,0.0,中性,0.0,利空,0.0,利空,10.0,中性,0.0,利多,25.0,利多
2022-05-09,2022-05-16,-1.0,看空,0.0005863138452990579,0.001700143808649912,-0.0011138299633508542,-0.0006101388888888885,0.0012209866782170943,1.4199999999999968,1.3300000000000116,0.0899999999999852,是,其他,是,否,其他,0.0,利空,5.0,中性,0.0,利空,0.0,中性,5.0,中性,0.0,利空,10.0,中性,0.0,利多,0.0,利空
2022-05-16,2022-05-23,0.0,中性,0.0,0.0026174281298421143,-0.0026174281298421143,0.0,0.0,0.0,2.399999999999972,-2.399999999999972,否,低仓少吃,是,否,低仓少吃,0.0,利空,5.0,中性,10.0,中性,0.0,中性,0.0,利空,0.0,利空,20.0,利多,0.0,利多,25.0,利多
2022-05-23,2022-05-30,-1.0,看空,-0.001846234267809943,0.008568410524212755,-0.010414644792022698,-0.00060379365079365,-0.001240791462375071,-1.4599999999989972,9.259999999999998,-10.719999999998995,否,做空做反,是,是,做空做反,0.0,利空,0.0,利空,0.0,利空,0.0,中性,0.0,利空,0.0,利空,0.0,利空,0.0,利多,25.0,利多
2022-05-30,2022-06-06,0.0,中性,0.0,-0.004984245158317302,0.004984245158317302,0.0,0.0,0.0,-6.269999999999991,6.269999999999991,否,有效防守,否,否,有效防守,5.0,中性,0.0,利空,10.0,中性,0.0,中性,0.0,利空,2.5,中性,0.0,利空,0.0,利多,25.0,利多
2022-06-06,2022-06-13,0.0,中性,0.0,0.0011915730480227538,-0.0011915730480227538,0.0,0.0,0.0,0.7500000000000216,-0.7500000000000216,否,低仓少吃,是,否,低仓少吃,0.0,利空,5.0,中性,10.0,中性,0.0,中性,10.0,利多,2.5,中性,10.0,中性,0.0,利多,0.0,利空
2022-06-13,2022-06-20,-1.0,看空,-0.000247188694428746,-0.0014033872842378337,0.0011561985898090876,-0.0006121587301587302,0.0003656252918385277,0.4299999999990074,-2.2600000000000047,2.689999999999012,是,有效防守,否,是,有效防守,0.0,利空,0.0,利空,0.0,利空,0.0,中性,0.0,利空,2.5,中性,0.0,利空,0.0,中性,0.0,利空
2022-06-20,2022-06-27,-1.0,看空,-0.00043484791805248335,-0.0013989730223451513,0.000964125104292668,-0.0006131349206349203,0.00017851045815472878,0.2100000000000019,-2.260000000000005,2.470000000000007,是,有效防守,否,是,有效防守,0.0,利空,5.0,中性,0.0,利空,0.0,中性,5.0,中性,2.5,中性,10.0,中性,0.0,利多,0.0,利空
2022-06-27,2022-07-04,-1.0,看空,0.0023116628059256517,-0.0018326282513699832,0.004144291057295635,-0.000616742063492063,0.0029292956072434137,3.4500000000009865,-2.7699999999999942,6.220000000000981,是,有效防守,否,否,有效防守,0.0,利空,0.0,利空,0.0,利空,0.0,中性,5.0,中性,2.5,中性,10.0,中性,0.0,利多,0.0,利空
2022-07-04,2022-07-11,0.0,中性,0.0,-0.0005501213749095069,0.0005501213749095069,0.0,0.0,0.0,-1.2900000000000063,1.2900000000000063,否,有效防守,否,否,有效防守,5.0,中性,5.0,中性,10.0,中性,0.0,中性,0.0,利空,0.0,利空,20.0,利多,0.0,利多,25.0,利多
2022-07-11,2022-07-18,1.0,看多,0.0050598887444748275,0.005105852485374429,-4.5963740899601646e-05,0.0006150079365079365,0.004436010503912853,5.229999999999958,5.269999999999997,-0.040000000000039115,是,有效进攻,是,否,有效进攻,5.0,中性,10.0,利多,20.0,利多,0.0,中性,10.0,利多,0.0,利空,20.0,利多,0.0,利多,25.0,利多
2022-07-18,2022-07-25,1.0,看多,0.0038561560914573967,0.0004341595109980112,0.0034219965804593855,0.0006069285714285711,0.003246464318543598,3.8200000000000034,-0.129999999999991,3.9499999999999944,是,其他,是,否,有效进攻,5.0,中性,10.0,利多,20.0,利多,0.0,中性,5.0,中性,0.0,利空,10.0,中性,0.0,利多,25.0,利多
2022-07-25,2022-08-01,0.0,中性,0.0,0.003224401124555909,-0.003224401124555909,0.0,0.0,0.0,3.1000000000009837,-3.1000000000009837,否,低仓少吃,是,否,低仓少吃,5.0,中性,5.0,中性,10.0,中性,0.0,中性,0.0,利空,0.0,利空,10.0,中性,0.0,利多,25.0,利多
2022-08-01,2022-08-08,1.0,看多,0.003933547962432504,0.0024484977186796097,0.0014850502437528945,0.0005932539682539671,0.0033354656114997785,3.90999999999999,2.2099999999990185,1.7000000000009714,是,有效进攻,是,否,有效进攻,5.0,中性,5.0,中性,20.0,利多,0.0,中性,5.0,中性,0.0,利空,10.0,中性,0.0,利多,25.0,利多
2022-08-08,2022-08-15,1.0,看多,-0.0005819064260731421,0.0004733312748237406,-0.0010552377008968827,0.0005903730158730158,-0.0011709329277841774,-1.369999999999011,-0.08000000000001067,-1.2899999999990002,否,该空没空,是,是,其他,10.0,利多,10.0,利多,20.0,利多,0.0,中性,5.0,中性,0.0,利空,10.0,中性,0.0,利多,25.0,利多
2022-08-15,2022-08-22,0.0,中性,0.0,0.013340138420251835,-0.013340138420251835,0.0,0.0,0.0,14.720000000000011,-14.720000000000011,否,低仓少吃,是,否,低仓少吃,5.0,中性,5.0,中性,10.0,中性,0.0,中性,10.0,利多,0.0,利空,10.0,中性,0.0,利多,0.0,利空
2022-08-22,2022-08-29,0.0,中性,0.0,-0.004308214306544822,0.004308214306544822,0.0,0.0,0.0,-5.55,5.55,否,有效防守,否,否,有效防守,5.0,中性,5.0,中性,20.0,利多,0.0,中性,0.0,利空,2.5,中性,0.0,利空,0.0,利多,25.0,利多
2022-08-29,2022-09-05,1.0,看多,0.003428050939035421,0.0022911871359452274,0.0011368638030901934,0.0005796031746031742,0.002848410082649861,3.33,2.039999999999993,1.2900000000000071,是,有效进攻,是,否,有效进攻,10.0,利多,5.0,中性,10.0,中性,0.0,中性,5.0,中性,2.5,中性,20.0,利多,0.0,利多,25.0,利多
2022-09-05,2022-09-12,1.0,看多,0.00024670350629674154,-0.0005591143336954874,0.0008058178399922289,0.0005752103174603171,-0.00032673789474020273,-0.37999999999999834,-1.2399999999999909,0.8599999999999925,否,其他,否,否,其他,10.0,利多,10.0,利多,20.0,利多,0.0,中性,5.0,中性,2.5,中性,10.0,中性,0.0,利多,25.0,利多
2022-09-12,2022-09-19,0.0,中性,0.0,-0.002877635576420401,0.002877635576420401,0.0,0.0,0.0,-3.8000000000000185,3.8000000000000185,否,有效防守,否,否,有效防守,5.0,中性,5.0,中性,10.0,中性,0.0,中性,5.0,中性,2.5,中性,10.0,中性,0.0,利多,25.0,利多
2022-09-19,2022-09-26,0.0,中性,0.0,-0.00010481765345049521,0.00010481765345049521,0.0,0.0,0.0,-0.7199999999999913,0.7199999999999913,否,有效防守,否,否,有效防守,5.0,中性,5.0,中性,20.0,利多,0.0,中性,10.0,利多,2.5,中性,10.0,中性,0.0,利多,0.0,利空
2022-09-26,2022-10-17,0.0,中性,0.0,-0.0004578531701955324,0.0004578531701955324,0.0,0.0,0.0,-1.7500000000000147,1.7500000000000147,否,有效防守,否,否,有效防守,10.0,利多,5.0,中性,10.0,中性,0.0,中性,5.0,中性,0.0,利空,10.0,中性,0.0,利多,25.0,利多
2022-10-17,2022-10-24,0.0,中性,0.0,-0.0020684364649082854,0.0020684364649082854,0.0,0.0,0.0,-3.0099999999989855,3.0099999999989855,否,有效防守,否,否,有效防守,5.0,中性,5.0,中性,10.0,中性,0.0,中性,0.0,利空,0.0,利空,10.0,中性,0.0,中性,25.0,利多
2022-10-24,2022-10-31,0.0,中性,0.0,0.005959051330408638,-0.005959051330408638,0.0,0.0,0.0,6.250000000000005,-6.250000000000005,否,低仓少吃,是,否,低仓少吃,0.0,利空,5.0,中性,0.0,利空,0.0,中性,10.0,利多,0.0,利空,20.0,利多,0.0,中性,25.0,利多
2022-10-31,2022-11-07,-1.0,看空,0.0018315847372418759,-0.002686921072915127,0.004518505810157003,-0.0005827896825396818,0.0024131670728198664,2.82000000000001,-3.7000000000009945,6.520000000001005,是,有效防守,否,否,有效防守,5.0,中性,5.0,中性,10.0,中性,0.0,中性,0.0,利空,2.5,中性,0.0,利空,0.0,中性,0.0,利空
2022-11-07,2022-11-14,0.0,中性,0.0,-0.0023349392596029306,0.0023349392596029306,0.0,0.0,0.0,-3.3100000000000143,3.3100000000000143,否,有效防守,否,否,有效防守,5.0,中性,10.0,利多,10.0,中性,0.0,中性,5.0,中性,0.0,利空,10.0,中性,0.0,中性,25.0,利多
2022-11-14,2022-11-21,0.0,中性,0.0,-0.007218383459294819,0.007218383459294819,0.0,0.0,0.0,-8.96000000000001,8.96000000000001,否,有效防守,否,否,有效防守,10.0,利多,5.0,中性,10.0,中性,0.0,中性,5.0,中性,0.0,利空,20.0,利多,0.0,中性,0.0,利空
2022-11-21,2022-11-28,1.0,看多,0.0026023514727595565,0.0001143053831214047,0.0024880460896381518,0.000596380952380952,0.002008112214750956,2.360000000001007,-0.49999999999997957,2.8600000000009866,是,其他,是,否,有效进攻,10.0,利多,10.0,利多,20.0,利多,0.0,中性,10.0,利多,0.0,利空,20.0,利多,0.0,利空,0.0,利空
2022-11-28,2022-12-05,0.0,中性,0.0,-0.0026721209095267318,0.0026721209095267318,0.0,0.0,0.0,-3.760000000000013,3.760000000000013,否,有效防守,否,否,有效防守,10.0,利多,5.0,中性,20.0,利多,0.0,中性,5.0,中性,0.0,利空,20.0,利多,0.0,利空,0.0,利空
2022-12-05,2022-12-12,0.0,中性,0.0,-0.0013946780112220614,0.0013946780112220614,0.0,0.0,0.0,-2.2699999999990084,2.2699999999990084,否,有效防守,否,否,有效防守,10.0,利多,10.0,利多,20.0,利多,0.0,中性,5.0,中性,0.0,利空,10.0,中性,0.0,利空,0.0,利空
2022-12-12,2022-12-19,0.0,中性,0.0,0.0009688479196641175,-0.0009688479196641175,0.0,0.0,0.0,0.4699999999990127,-0.4699999999990127,否,低仓少吃,是,否,低仓少吃,10.0,利多,10.0,利多,20.0,利多,0.0,中性,0.0,利空,0.0,利空,10.0,中性,0.0,利空,0.0,利空
2022-12-19,2022-12-26,0.0,中性,0.0,0.005775001946261238,-0.005775001946261238,0.0,0.0,0.0,6.050000000000013,-6.050000000000013,否,低仓少吃,是,否,低仓少吃,10.0,利多,10.0,利多,20.0,利多,0.0,中性,10.0,利多,0.0,利空,0.0,利空,0.0,利空,0.0,利空
2022-12-26,2023-01-02,0.0,中性,0.0,-0.0003213341409570303,0.0003213341409570303,0.0,0.0,0.0,-1.0200000000000142,1.0200000000000142,否,有效防守,否,否,有效防守,10.0,利多,0.0,利空,20.0,利多,0.0,中性,10.0,利多,2.5,中性,0.0,利空,0.0,利空,25.0,利多
2023-01-02,2023-01-09,0.0,中性,0.0,0.0006593335184696958,-0.0006593335184696958,0.0,0.0,0.0,0.25000000000000705,-0.25000000000000705,否,低仓少吃,是,否,低仓少吃,10.0,利多,0.0,利空,10.0,中性,0.0,中性,5.0,中性,0.0,利空,10.0,中性,0.0,中性,25.0,利多
2023-01-09,2023-01-16,0.0,中性,0.0,-0.005283604258432106,0.005283604258432106,0.0,0.0,0.0,-6.819999999999014,6.819999999999014,否,有效防守,否,否,有效防守,5.0,中性,10.0,利多,10.0,中性,0.0,中性,5.0,中性,0.0,利空,20.0,利多,0.0,利空,0.0,利空
2023-01-16,2023-02-06,-1.0,看空,0.002228531933822442,0.001717633195911672,0.0005108987379107699,-0.0012103412698412689,0.0034402647863317204,4.039999999999981,0.6699999999990045,3.370000000000977,是,其他,是,否,其他,0.0,利空,5.0,中性,0.0,利空,0.0,中性,0.0,利空,0.0,利空,20.0,利多,0.0,利空,0.0,利空
2023-02-06,2023-02-13,-1.0,看空,-0.0021020033493643897,5.896538311134236e-05,-0.002160968732475732,-0.0006071150793650789,-0.0014965770921660246,-1.7599999999999907,-0.6000000000000103,-1.1599999999999804,否,其他,是,是,做空做反,5.0,中性,5.0,中性,10.0,中性,0.0,中性,0.0,利空,0.0,利空,0.0,利空,0.0,利空,0.0,利空
2023-02-13,2023-02-20,0.0,中性,0.0,0.0012863541265863976,-0.0012863541265863976,0.0,0.0,0.0,0.8300000000010035,-0.8300000000010035,否,低仓少吃,是,否,低仓少吃,5.0,中性,5.0,中性,10.0,中性,0.0,中性,5.0,中性,0.0,利空,10.0,中性,0.0,利空,0.0,利空
2023-02-20,2023-02-27,-1.0,看空,0.0007428657192944943,-0.0011914066795438716,0.0019342723988383659,-0.0006088412698412695,0.0013528603308002882,1.5899999999999943,-2.0600000000009846,3.650000000000979,是,有效防守,否,否,有效防守,0.0,利空,5.0,中性,0.0,利空,0.0,中性,0.0,利空,0.0,利空,10.0,中性,0.0,利空,0.0,利空
2023-02-27,2023-03-06,0.0,中性,0.0,0.0014325648322428552,-0.0014325648322428552,0.0,0.0,0.0,0.999999999999994,-0.999999999999994,否,低仓少吃,是,否,低仓少吃,5.0,中性,5.0,中性,10.0,中性,0.0,中性,5.0,中性,0.0,利空,10.0,中性,0.0,利空,25.0,利多
2023-03-06,2023-03-13,0.0,中性,0.0,0.003998827018581785,-0.003998827018581785,0.0,0.0,0.0,3.99,-3.99,否,低仓少吃,是,否,低仓少吃,5.0,中性,5.0,中性,0.0,利空,0.0,中性,5.0,中性,0.0,利空,10.0,中性,0.0,利空,25.0,利多
2023-03-13,2023-03-20,0.0,中性,0.0,0.0007819888759810212,-0.0007819888759810212,0.0,0.0,0.0,0.25000000000000716,-0.25000000000000716,否,低仓少吃,是,否,低仓少吃,5.0,中性,5.0,中性,10.0,中性,0.0,中性,5.0,中性,2.5,中性,0.0,利空,0.0,利空,25.0,利多
2023-03-20,2023-03-27,-1.0,看空,-0.0017944487289461852,-6.994520278535976e-05,-0.0017245035261608255,-0.0006035555555555555,-0.0011897638798637612,-1.4000000000009836,-0.7400000000000115,-0.660000000000972,否,其他,否,是,其他,0.0,利空,5.0,中性,0.0,利空,0.0,中性,5.0,中性,0.0,利空,10.0,中性,0.0,利空,0.0,利空
2023-03-27,2023-04-03,-1.0,看空,-0.0029137443713685984,0.001838588315159262,-0.00475233268652786,-0.0005998174603174592,-0.0023155888633035753,-2.720000000000014,1.4800000000009943,-4.200000000001008,否,做空做反,是,是,做空做反,0.0,利空,0.0,利空,0.0,利空,0.0,中性,5.0,中性,0.0,利空,10.0,中性,0.0,利空,0.0,利空
2023-04-03,2023-04-10,-1.0,看空,-0.0008203177112819926,0.0010026556244233653,-0.001822973335705358,-0.0004791388888888885,-0.0003403345266517739,-0.3999999999990125,0.6399999999990095,-1.039999999998022,否,做空做反,是,是,做空做反,5.0,中性,0.0,利空,10.0,中性,0.0,中性,0.0,利空,0.0,利空,10.0,中性,0.0,利空,0.0,利空
2023-04-10,2023-04-17,0.0,中性,0.0,0.00213316348635173,-0.00213316348635173,0.0,0.0,0.0,1.8299999999999907,-1.8299999999999907,否,低仓少吃,是,否,低仓少吃,0.0,利空,5.0,中性,10.0,中性,0.0,中性,0.0,利空,0.0,利空,10.0,中性,0.0,利空,25.0,利多
2023-04-17,2023-04-24,0.0,中性,0.0,0.0007580258580526245,-0.0007580258580526245,0.0,0.0,0.0,0.23000000000002196,-0.23000000000002196,否,低仓少吃,是,否,低仓少吃,5.0,中性,5.0,中性,10.0,中性,0.0,中性,0.0,利空,0.0,利空,10.0,中性,0.0,利空,25.0,利多
2023-04-24,2023-05-01,-1.0,看空,7.250152388560416e-05,0.004613873745338948,-0.004541372221453344,-0.0005924325396825393,0.0006672167423246245,0.7800000000000169,4.699999999999982,-3.9199999999999653,是,其他,是,否,其他,5.0,中性,5.0,中性,0.0,利空,0.0,中性,0.0,利空,0.0,利空,10.0,中性,0.0,利空,0.0,利空
2023-05-01,2023-05-08,1.0,看多,0.002670305870737577,0.004108292157092297,-0.00143798628635472,0.00023636507936507936,0.0024328243207831063,2.8500000000010117,4.49999999999999,-1.6499999999989785,是,有效进攻,是,否,有效进攻,10.0,利多,10.0,利多,20.0,利多,0.0,中性,0.0,利空,2.5,中性,10.0,中性,0.0,利空,25.0,利多
2023-05-08,2023-05-15,0.0,中性,0.0,0.0029622507940221254,-0.0029622507940221254,0.0,0.0,0.0,2.8000000000000247,-2.8000000000000247,否,低仓少吃,是,否,低仓少吃,5.0,中性,10.0,利多,10.0,中性,0.0,中性,5.0,中性,2.5,中性,10.0,中性,0.0,利空,25.0,利多
2023-05-15,2023-05-22,0.0,中性,0.0,-0.0002680551788244445,0.0002680551788244445,0.0,0.0,0.0,-0.9300000000000278,0.9300000000000278,否,有效防守,否,否,有效防守,0.0,利空,5.0,中性,10.0,中性,0.0,中性,5.0,中性,2.5,中性,0.0,利空,0.0,中性,25.0,利多
2023-05-22,2023-05-29,0.0,中性,0.0,6.647671062798288e-05,-6.647671062798288e-05,0.0,0.0,0.0,-0.5399999999999849,0.5399999999999849,否,有效防守,是,否,低仓少吃,0.0,利空,0.0,利空,0.0,利空,0.0,中性,0.0,利空,2.5,中性,10.0,中性,0.0,中性,25.0,利多
2023-05-29,2023-06-05,0.0,中性,0.0,0.002731480509360562,-0.002731480509360562,0.0,0.0,0.0,2.540000000000007,-2.540000000000007,否,低仓少吃,是,否,低仓少吃,5.0,中性,5.0,中性,10.0,中性,0.0,中性,5.0,中性,2.5,中性,10.0,中性,0.0,中性,25.0,利多
2023-06-05,2023-06-12,0.0,中性,0.0,0.002685162659665119,-0.002685162659665119,0.0,0.0,0.0,2.479999999999982,-2.479999999999982,否,低仓少吃,是,否,低仓少吃,5.0,中性,5.0,中性,10.0,中性,0.0,中性,5.0,中性,2.5,中性,0.0,利空,0.0,中性,25.0,利多
2023-06-12,2023-06-19,0.0,中性,0.0,0.001173126025592941,-0.001173126025592941,0.0,0.0,0.0,0.7700000000010139,-0.7700000000010139,否,低仓少吃,是,否,低仓少吃,5.0,中性,5.0,中性,10.0,中性,0.0,中性,5.0,中性,2.5,中性,10.0,中性,0.0,中性,25.0,利多
2023-06-19,2023-06-26,-1.0,看空,-0.00046467187431742385,-0.0003370626703270707,-0.00012760920399035314,-0.00034420634920634885,-0.00011953331812291929,-0.13999999999899515,-0.7500000000009931,0.6100000000019979,否,有效防守,否,是,其他,0.0,利空,5.0,中性,10.0,中性,0.0,中性,0.0,利空,2.5,中性,10.0,中性,0.0,中性,0.0,利空
2023-06-26,2023-07-03,-1.0,看空,-0.0029116272136403554,0.0035710692146659895,-0.006482696428306345,-0.0005700198412698413,-0.0023425148280790363,-2.7299999999999898,3.4999999999999964,-6.229999999999986,否,做空做反,是,是,做空做反,0.0,利空,0.0,利空,0.0,利空,0.0,中性,10.0,利多,2.5,中性,10.0,中性,0.0,中性,0.0,利空
2023-07-03,2023-07-10,-1.0,看空,0.004169764372516038,7.119510921316241e-05,0.004098569263302876,-0.0005725873015873009,0.0047421478506654065,5.519999999998998,-0.5199999999999996,6.039999999998997,是,有效防守,是,否,其他,5.0,中性,5.0,中性,10.0,中性,0.0,中性,0.0,利空,2.5,中性,0.0,利空,0.0,中性,0.0,利空
2023-07-10,2023-07-17,1.0,看多,0.004360455540362906,0.0001671061698327314,0.004193349370530175,0.0005758928571428563,0.0037803455484279546,4.409999999998998,-0.4099999999999937,4.819999999998992,是,其他,是,否,有效进攻,5.0,中性,10.0,利多,20.0,利多,0.0,中性,10.0,利多,2.5,中性,10.0,中性,0.0,中性,25.0,利多
2023-07-17,2023-07-24,0.0,中性,0.0,0.0036995109227437872,-0.0036995109227437872,0.0,0.0,0.0,3.6500000000009787,-3.6500000000009787,否,低仓少吃,是,否,低仓少吃,0.0,利空,0.0,利空,10.0,中性,0.0,中性,5.0,中性,2.5,中性,10.0,中性,0.0,中性,25.0,利多
2023-07-24,2023-07-31,0.0,中性,0.0,-0.003452893707777016,0.003452893707777016,0.0,0.0,0.0,-4.540000000001002,4.540000000001002,否,有效防守,否,否,有效防守,0.0,利空,5.0,中性,10.0,中性,0.0,中性,5.0,中性,2.5,中性,0.0,利空,0.0,中性,25.0,利多
2023-07-31,2023-08-07,0.0,中性,0.0,0.001081674988240744,-0.001081674988240744,0.0,0.0,0.0,0.6400000000000157,-0.6400000000000157,否,低仓少吃,是,否,低仓少吃,0.0,利空,0.0,利空,0.0,利空,0.0,中性,10.0,利多,2.5,中性,20.0,利多,0.0,中性,0.0,利空
2023-08-07,2023-08-14,0.0,中性,0.0,0.0012897956391115795,-0.0012897956391115795,0.0,0.0,0.0,0.879999999999978,-0.879999999999978,否,低仓少吃,是,否,低仓少吃,5.0,中性,5.0,中性,10.0,中性,0.0,中性,10.0,利多,2.5,中性,10.0,中性,0.0,中性,25.0,利多
2023-08-14,2023-08-21,0.0,中性,0.0,0.006983516399022394,-0.006983516399022394,0.0,0.0,0.0,7.420000000000031,-7.420000000000031,否,低仓少吃,是,否,低仓少吃,5.0,中性,5.0,中性,10.0,中性,0.0,中性,5.0,中性,2.5,中性,0.0,利空,0.0,中性,25.0,利多
2023-08-21,2023-08-28,0.0,中性,0.0,-4.929278097387524e-05,4.929278097387524e-05,0.0,0.0,0.0,-0.6300000000000051,0.6300000000000051,否,有效防守,否,否,有效防守,0.0,利空,0.0,利空,0.0,利空,0.0,中性,5.0,中性,2.5,中性,10.0,中性,0.0,中性,25.0,利多
2023-08-28,2023-09-04,0.0,中性,0.0,-0.0007875974239749395,0.0007875974239749395,0.0,0.0,0.0,-1.4799999999990172,1.4799999999990172,否,有效防守,否,否,有效防守,0.0,利空,0.0,利空,0.0,利空,0.0,中性,0.0,利空,2.5,中性,10.0,中性,0.0,中性,25.0,利多
2023-09-04,2023-09-11,0.0,中性,0.0,-0.004048338265457363,0.004048338265457363,0.0,0.0,0.0,-5.250000000000983,5.250000000000983,否,有效防守,否,否,有效防守,5.0,中性,5.0,中性,10.0,中性,0.0,中性,10.0,利多,2.5,中性,10.0,中性,0.0,中性,25.0,利多
2023-09-11,2023-09-18,0.0,中性,0.0,0.00029542195703324836,-0.00029542195703324836,0.0,0.0,0.0,-0.2500000000000071,0.2500000000000071,否,有效防守,是,否,低仓少吃,0.0,利空,5.0,中性,10.0,中性,0.0,中性,10.0,利多,2.5,中性,10.0,中性,0.0,中性,0.0,利空
2023-09-18,2023-09-25,0.0,中性,0.0,-0.002737386147046883,0.002737386147046883,0.0,0.0,0.0,-3.760000000000013,3.760000000000013,否,有效防守,否,否,有效防守,5.0,中性,10.0,利多,10.0,中性,0.0,中性,10.0,利多,2.5,中性,10.0,中性,0.0,中性,0.0,利空
2023-09-25,2023-10-16,0.0,中性,0.0,0.001593203980570168,-0.001593203980570168,0.0,0.0,0.0,0.7400000000000118,-0.7400000000000118,否,低仓少吃,是,否,低仓少吃,5.0,中性,0.0,利空,0.0,利空,0.0,中性,10.0,利多,2.5,中性,10.0,中性,0.0,中性,25.0,利多
2023-10-16,2023-10-23,-1.0,看空,0.005540758866598772,-0.0025008058035239644,0.008041564670122736,-0.0005840753968253964,0.006115794479009717,7.150000000000004,-3.499999999999996,10.65,是,有效防守,否,否,有效防守,0.0,利空,5.0,中性,10.0,中性,0.0,中性,5.0,中性,5.0,利多,0.0,利空,0.0,中性,0.0,利空
2023-10-23,2023-10-30,-1.0,看空,0.0007064232784874669,-0.00016619732328859715,0.000872620601776064,-0.0005976587301587302,0.0013066952235085544,1.5300000000000034,-0.8099999999990057,2.339999999999009,是,有效防守,否,否,有效防守,0.0,利空,5.0,中性,10.0,中性,0.0,中性,5.0,中性,5.0,利多,0.0,利空,0.0,中性,0.0,利空
2023-10-30,2023-11-06,0.0,中性,0.0,0.005045219896869124,-0.005045219896869124,0.0,0.0,0.0,5.19999999999899,-5.19999999999899,否,低仓少吃,是,否,低仓少吃,5.0,中性,0.0,利空,10.0,中性,0.0,中性,10.0,利多,5.0,利多,10.0,中性,0.0,利空,0.0,利空
2023-11-06,2023-11-13,0.0,中性,0.0,0.001993629422710752,-0.001993629422710752,0.0,0.0,0.0,1.6900000000000248,-1.6900000000000248,否,低仓少吃,是,否,低仓少吃,5.0,中性,10.0,利多,10.0,中性,0.0,中性,5.0,中性,5.0,利多,0.0,利空,0.0,利空,0.0,利空
2023-11-13,2023-11-20,1.0,看多,0.00012684054119294075,-0.00016981049523512315,0.0002966510364280639,0.0005970873015873015,-0.0004695366662686925,-0.5499999999999952,-0.8000000000000022,0.250000000000007,否,其他,否,否,其他,5.0,中性,10.0,利多,20.0,利多,0.0,中性,0.0,利空,5.0,利多,10.0,中性,0.0,利空,25.0,利多
2023-11-20,2023-11-27,1.0,看多,0.0018232893015637242,-0.004052770345616574,0.005876059647180298,0.0005971428571428567,0.0012270361250903124,1.439999999999983,-5.2899999999990115,6.729999999998995,是,其他,否,否,其他,5.0,中性,5.0,中性,10.0,中性,0.0,中性,5.0,中性,5.0,利多,20.0,利多,0.0,利空,25.0,利多
2023-11-27,2023-12-04,1.0,看多,0.0026414334586579713,0.004248520328899996,-0.001607086870242025,0.0005969007936507937,0.0020517386655876683,2.4100000000000166,4.279999999999006,-1.8699999999989898,是,有效进攻,是,否,有效进攻,10.0,利多,5.0,中性,20.0,利多,0.0,中性,10.0,利多,5.0,利多,20.0,利多,0.0,利空,25.0,利多
2023-12-04,2023-12-11,0.0,中性,0.0,0.00043212619190802215,-0.00043212619190802215,0.0,0.0,0.0,-0.11000000000000593,0.11000000000000593,否,有效防守,是,否,低仓少吃,5.0,中性,5.0,中性,10.0,中性,0.0,中性,5.0,中性,5.0,利多,0.0,利空,0.0,利空,0.0,利空
2023-12-11,2023-12-18,1.0,看多,0.003522896058886671,0.004078593438047617,-0.0005556973791609465,0.0005841468253968253,0.0029344881915712925,3.4299999999999953,4.089999999999997,-0.6600000000000019,是,有效进攻,是,否,有效进攻,10.0,利多,10.0,利多,20.0,利多,0.0,中性,10.0,利多,5.0,利多,10.0,中性,0.0,利空,25.0,利多
2023-12-18,2024-01-08,1.0,看多,0.012283046613123405,0.01064311724799949,0.0016399293651239155,0.0015925079365079356,0.0106246637302049,12.370000000000022,10.520000000000008,1.8500000000000139,是,有效进攻,是,否,有效进攻,10.0,利多,10.0,利多,20.0,利多,0.0,中性,0.0,利空,5.0,利多,10.0,中性,0.0,利空,25.0,利多
2024-01-08,2024-01-15,0.0,中性,0.0,0.0005154367483060085,-0.0005154367483060085,0.0,0.0,0.0,0.029999999999995364,-0.029999999999995364,否,低仓少吃,是,否,低仓少吃,10.0,利多,10.0,利多,20.0,利多,0.0,中性,0.0,利空,5.0,利多,10.0,中性,0.0,利空,0.0,利空
2024-01-15,2024-01-22,0.0,中性,0.0,0.0017667050127965211,-0.0017667050127965211,0.0,0.0,0.0,1.449999999999993,-1.449999999999993,否,低仓少吃,是,否,低仓少吃,10.0,利多,10.0,利多,20.0,利多,0.0,中性,0.0,利空,2.5,中性,20.0,利多,0.0,利空,0.0,利空
2024-01-22,2024-01-29,0.0,中性,0.0,0.0007833947225845961,-0.0007833947225845961,0.0,0.0,0.0,0.3300000000000178,-0.3300000000000178,否,低仓少吃,是,否,低仓少吃,5.0,中性,0.0,利空,20.0,利多,0.0,中性,0.0,利空,2.5,中性,10.0,中性,0.0,利空,25.0,利多
2024-01-29,2024-02-05,0.0,中性,0.0,0.007077007297699334,-0.007077007297699334,0.0,0.0,0.0,7.500000000000979,-7.500000000000979,否,低仓少吃,是,否,低仓少吃,0.0,利空,0.0,利空,10.0,中性,0.0,中性,0.0,利空,2.5,中性,20.0,利多,0.0,利空,0.0,利空
2024-02-05,2024-02-26,0.0,中性,0.0,0.002899507606952012,-0.002899507606952012,0.0,0.0,0.0,2.3499999999990195,-2.3499999999990195,否,低仓少吃,是,否,低仓少吃,5.0,中性,5.0,中性,0.0,利空,0.0,中性,0.0,利空,2.5,中性,10.0,中性,0.0,利空,25.0,利多
2024-02-26,2024-03-04,0.0,中性,0.0,0.003395780025773565,-0.003395780025773565,0.0,0.0,0.0,3.3399999999999763,-3.3399999999999763,否,低仓少吃,是,否,低仓少吃,5.0,中性,0.0,利空,0.0,利空,0.0,中性,10.0,利多,2.5,中性,0.0,利空,0.0,利空,25.0,利多
2024-03-04,2024-03-11,1.0,看多,0.0074437587230618,0.00797112683808554,-0.0005273681150237408,0.0005062460317460317,0.006918108650458465,7.9299999999999855,8.500000000000002,-0.5700000000000163,是,有效进攻,是,否,有效进攻,10.0,利多,10.0,利多,20.0,利多,0.0,中性,0.0,利空,0.0,利空,10.0,中性,0.0,利空,25.0,利多
2024-03-11,2024-03-18,0.0,中性,0.0,-0.0028704044539112905,0.0028704044539112905,0.0,0.0,0.0,-3.7499999999999685,3.7499999999999685,否,有效防守,否,否,有效防守,5.0,中性,5.0,中性,10.0,中性,0.0,中性,0.0,利空,2.5,中性,10.0,中性,0.0,利空,25.0,利多
2024-03-18,2024-03-25,0.0,中性,0.0,0.0017633387743352102,-0.0017633387743352102,0.0,0.0,0.0,1.489999999999998,-1.489999999999998,否,低仓少吃,是,否,低仓少吃,5.0,中性,10.0,利多,10.0,中性,0.0,中性,10.0,利多,2.5,中性,0.0,利空,0.0,利空,0.0,利空
2024-03-25,2024-04-01,0.0,中性,0.0,0.0017769783816778961,-0.0017769783816778961,0.0,0.0,0.0,1.5000000000009797,-1.5000000000009797,否,低仓少吃,是,否,低仓少吃,0.0,利空,0.0,利空,0.0,利空,0.0,中性,0.0,利空,2.5,中性,10.0,中性,0.0,利空,25.0,利多
2024-04-01,2024-04-08,0.0,中性,0.0,0.0008360595949030714,-0.0008360595949030714,0.0,0.0,0.0,0.6399999999990095,-0.6399999999990095,否,低仓少吃,是,否,低仓少吃,10.0,利多,10.0,利多,20.0,利多,0.0,中性,10.0,利多,2.5,中性,10.0,中性,0.0,利空,0.0,利空
2024-04-08,2024-04-15,1.0,看多,0.0031421366590904665,0.000451423433375453,0.0026907132257150135,0.0004962063492063484,0.0026429324119431347,3.019999999998996,1.1102230246251565e-16,3.019999999998996,是,有效进攻,是,否,有效进攻,10.0,利多,10.0,利多,20.0,利多,0.0,中性,10.0,利多,2.5,中性,10.0,中性,0.0,利空,25.0,利多
2024-04-15,2024-04-22,0.0,中性,0.0,0.003084003369090871,-0.003084003369090871,0.0,0.0,0.0,2.9699999999999864,-2.9699999999999864,否,低仓少吃,是,否,低仓少吃,10.0,利多,5.0,中性,10.0,中性,0.0,中性,0.0,利空,0.0,利空,10.0,中性,0.0,中性,25.0,利多
2024-04-22,2024-04-29,1.0,看多,0.001282164211341863,-0.004389574886847658,0.005671739098189521,0.0004802817460317456,0.000810806638689052,0.9299999999999935,-5.439999999998987,6.3699999999989805,是,其他,否,否,其他,10.0,利多,5.0,中性,20.0,利多,0.0,中性,0.0,利空,0.0,利空,10.0,中性,0.0,中性,25.0,利多
2024-04-29,2024-05-06,1.0,看多,0.00014447310311549444,0.0006523150422956814,-0.0005078419391801869,0.00019559126984126983,-2.4487002499176333e-05,-0.009999999999004139,0.5599999999989986,-0.5699999999980028,否,其他,是,否,有效进攻,5.0,中性,0.0,利空,10.0,中性,0.0,中性,10.0,利多,0.0,利空,20.0,利多,0.0,利空,25.0,利多
2024-05-06,2024-05-13,0.0,中性,0.0,-0.00037996394876482764,0.00037996394876482764,0.0,0.0,0.0,-0.9399999999989973,0.9399999999989973,否,有效防守,否,否,有效防守,5.0,中性,5.0,中性,10.0,中性,0.0,中性,10.0,利多,0.0,利空,0.0,利空,0.0,中性,0.0,利空
2024-05-13,2024-05-20,1.0,看多,0.003250337725955621,0.0008500296633411342,0.002400308062614487,0.0004921230158730159,0.0027566823343040717,3.1500000000009996,0.44999999999899276,2.7000000000020066,是,有效进攻,是,否,有效进攻,5.0,中性,10.0,利多,10.0,中性,0.0,中性,10.0,利多,0.0,利空,20.0,利多,0.0,中性,25.0,利多
2024-05-20,2024-05-27,0.0,中性,0.0,-4.607667755096578e-05,4.607667755096578e-05,0.0,0.0,0.0,-0.5699999999999802,0.5699999999999802,否,有效防守,否,否,有效防守,5.0,中性,10.0,利多,10.0,中性,0.0,中性,5.0,中性,0.0,利空,0.0,利空,0.0,中性,0.0,利空
2024-05-27,2024-06-03,0.0,中性,0.0,0.0022927650778361564,-0.0022927650778361564,0.0,0.0,0.0,2.0799999999999983,-2.0799999999999983,否,低仓少吃,是,否,低仓少吃,0.0,利空,0.0,利空,0.0,利空,0.0,中性,5.0,中性,0.0,利空,10.0,中性,0.0,中性,25.0,利多
2024-06-03,2024-06-10,0.0,中性,0.0,0.0012766118279199379,-0.0012766118279199379,0.0,0.0,0.0,0.9299999999999934,-0.9299999999999934,否,低仓少吃,是,否,低仓少吃,10.0,利多,10.0,利多,20.0,利多,0.0,中性,0.0,利空,0.0,利空,10.0,中性,0.0,中性,0.0,利空
2024-06-10,2024-06-17,1.0,看多,0.0028720301589142405,0.0027992814718345027,7.27486870797378e-05,0.00038061507936507934,0.0024890265129161163,2.8300000000000196,2.7500000000009805,0.07999999999903906,是,有效进攻,是,否,有效进攻,10.0,利多,10.0,利多,10.0,中性,0.0,中性,5.0,中性,0.0,利空,20.0,利多,0.0,中性,25.0,利多
2024-06-17,2024-06-24,-1.0,看空,-0.0015538965832511131,0.00032934160509512367,-0.0018832381883462368,-0.00047142460317460273,-0.0010829814142126722,-1.229999999999981,-0.12999999999999123,-1.0999999999999899,否,其他,是,是,做空做反,0.0,利空,0.0,利空,0.0,利空,0.0,中性,5.0,中性,0.0,利空,10.0,中性,0.0,中性,0.0,利空
2024-06-24,2024-07-01,0.0,中性,0.0,0.005004146151600608,-0.005004146151600608,0.0,0.0,0.0,5.129999999998989,-5.129999999998989,否,低仓少吃,是,否,低仓少吃,5.0,中性,5.0,中性,0.0,利空,0.0,中性,5.0,中性,0.0,利空,20.0,利多,0.0,中性,25.0,利多
2024-07-01,2024-07-08,0.0,中性,0.0,-0.005729952327067189,0.005729952327067189,0.0,0.0,0.0,-6.959999999999987,6.959999999999987,否,有效防守,否,否,有效防守,5.0,中性,5.0,中性,10.0,中性,0.0,中性,0.0,利空,0.0,利空,10.0,中性,0.0,中性,25.0,利多
2024-07-08,2024-07-15,0.0,中性,0.0,0.0017769891392418469,-0.0017769891392418469,0.0,0.0,0.0,1.5000000000000087,-1.5000000000000087,否,低仓少吃,是,否,低仓少吃,5.0,中性,5.0,中性,10.0,中性,0.0,中性,5.0,中性,0.0,利空,20.0,利多,0.0,中性,0.0,利空
2024-07-15,2024-07-22,0.0,中性,0.0,0.0003588163019381252,-0.0003588163019381252,0.0,0.0,0.0,-0.09999999999999598,0.09999999999999598,否,有效防守,是,否,低仓少吃,5.0,中性,5.0,中性,10.0,中性,0.0,中性,5.0,中性,0.0,利空,0.0,利空,0.0,中性,25.0,利多
2024-07-22,2024-07-29,1.0,看多,0.003981165739289638,0.006402446671589734,-0.002421280932300096,0.00046205952380952377,0.003514787798822569,3.9800000000009965,6.700000000000976,-2.7199999999999798,是,有效进攻,是,否,有效进攻,5.0,中性,5.0,中性,20.0,利多,0.0,中性,5.0,中性,0.0,利空,10.0,中性,0.0,中性,25.0,利多
2024-07-29,2024-08-05,0.0,中性,0.0,0.006377060934783518,-0.006377060934783518,0.0,0.0,0.0,6.669999999999003,-6.669999999999003,否,低仓少吃,是,否,低仓少吃,5.0,中性,0.0,利空,20.0,利多,0.0,中性,0.0,利空,0.0,利空,10.0,中性,0.0,中性,25.0,利多
2024-08-05,2024-08-12,0.0,中性,0.0,-0.005884328815393025,0.005884328815393025,0.0,0.0,0.0,-7.0899999999999785,7.0899999999999785,否,有效防守,否,否,有效防守,0.0,利空,5.0,中性,0.0,利空,0.0,中性,0.0,利空,0.0,利空,10.0,中性,0.0,中性,25.0,利多
2024-08-12,2024-08-19,0.0,中性,0.0,0.00048368350438310337,-0.00048368350438310337,0.0,0.0,0.0,0.07999999999997587,-0.07999999999997587,否,低仓少吃,是,否,低仓少吃,5.0,中性,5.0,中性,0.0,利空,0.0,中性,5.0,中性,0.0,利空,20.0,利多,0.0,中性,25.0,利多
2024-08-19,2024-08-26,0.0,中性,0.0,0.004273348962561263,-0.004273348962561263,0.0,0.0,0.0,4.3100000000000085,-4.3100000000000085,否,低仓少吃,是,否,低仓少吃,5.0,中性,5.0,中性,10.0,中性,0.0,中性,10.0,利多,0.0,利空,10.0,中性,0.0,中性,0.0,利空
2024-08-26,2024-09-02,-1.0,看空,-0.0008047596762467135,-0.0009759397041642082,0.00017118002791749465,-0.00044924603174603174,-0.0003523078058377527,-0.3999999999999834,-1.569999999999003,1.1699999999990196,否,有效防守,否,是,有效防守,0.0,利空,5.0,中性,0.0,利空,0.0,中性,10.0,利多,0.0,利空,0.0,利空,0.0,利空,0.0,利空
2024-09-02,2024-09-09,0.0,中性,0.0,0.0032417121882086786,-0.0032417121882086786,0.0,0.0,0.0,3.1600000000000024,-3.1600000000000024,否,低仓少吃,是,否,低仓少吃,10.0,利多,10.0,利多,10.0,中性,0.0,中性,10.0,利多,0.0,利空,10.0,中性,0.0,中性,0.0,利空
2024-09-09,2024-09-16,0.0,中性,0.0,0.006363881601296306,-0.006363881601296306,0.0,0.0,0.0,6.639999999999008,-6.639999999999008,否,低仓少吃,是,否,低仓少吃,0.0,利空,5.0,中性,10.0,中性,0.0,中性,5.0,中性,0.0,利空,10.0,中性,0.0,利空,0.0,利空
2024-09-16,2024-09-23,-1.0,看空,-0.0011221333888377094,0.0028654977384334757,-0.003987631127271185,-0.00025798412698412694,-0.0008625908685473734,-0.9699999999999986,2.9300000000009874,-3.9000000000009862,否,做空做反,是,是,做空做反,0.0,利空,0.0,利空,0.0,利空,0.0,中性,0.0,利空,2.5,中性,0.0,利空,0.0,利空,25.0,利多
2024-09-23,2024-09-30,0.0,中性,0.0,-0.011065469126287808,0.011065469126287808,0.0,0.0,0.0,-12.830000000001,12.830000000001,否,有效防守,否,否,有效防守,0.0,利空,0.0,利空,0.0,利空,0.0,中性,0.0,利空,2.5,中性,10.0,中性,0.0,利空,25.0,利多
2024-09-30,2024-10-07,0.0,中性,0.0,0.0018310686857960778,-0.0018310686857960778,0.0,0.0,0.0,1.9600000000000173,-1.9600000000000173,否,低仓少吃,是,否,低仓少吃,5.0,中性,0.0,利空,0.0,利空,0.0,中性,10.0,利多,0.0,利空,20.0,利多,0.0,利多,0.0,利空
2024-10-07,2024-10-14,0.0,中性,0.0,0.001449115871365425,-0.001449115871365425,0.0,0.0,0.0,1.259999999999976,-1.259999999999976,否,低仓少吃,是,否,低仓少吃,10.0,利多,10.0,利多,20.0,利多,0.0,中性,10.0,利多,2.5,中性,0.0,利空,0.0,利多,0.0,利空
2024-10-14,2024-10-21,1.0,看多,0.004230685839723636,0.0020509042732226312,0.0021797815665010045,0.0004521349206349206,0.003775507354017483,4.270000000000003,1.830000000000026,2.4399999999999773,是,有效进攻,是,否,有效进攻,10.0,利多,10.0,利多,20.0,利多,0.0,中性,10.0,利多,0.0,利空,20.0,利多,0.0,中性,0.0,利空
2024-10-21,2024-10-28,0.0,中性,0.0,-0.0025207373071699513,0.0025207373071699513,0.0,0.0,0.0,-3.3000000000000043,3.3000000000000043,否,有效防守,否,否,有效防守,0.0,利空,5.0,中性,0.0,利空,0.0,中性,5.0,中性,2.5,中性,10.0,中性,0.0,中性,25.0,利多
2024-10-28,2024-11-04,-1.0,看空,-0.0003350987632501079,0.00161296207535222,-0.001948060838602328,-0.0004585595238095238,0.00012430901418066854,0.13999999999899493,1.329999999999977,-1.190000000000982,是,其他,是,是,做空做反,0.0,利空,0.0,利空,0.0,利空,0.0,中性,10.0,利多,2.5,中性,10.0,中性,0.0,中性,0.0,利空
2024-11-04,2024-11-11,0.0,中性,0.0,0.0034473643573442736,-0.0034473643573442736,0.0,0.0,0.0,3.3900000000000254,-3.3900000000000254,否,低仓少吃,是,否,低仓少吃,10.0,利多,10.0,利多,20.0,利多,0.0,中性,10.0,利多,2.5,中性,10.0,中性,0.0,中性,0.0,利空
2024-11-11,2024-11-18,1.0,看多,0.0015989356701244795,0.0014719976294890191,0.00012693804063546033,0.0004474365079365079,0.0011514128042303085,1.299999999999982,1.189999999999976,0.11000000000000609,是,有效进攻,是,否,有效进攻,10.0,利多,5.0,中性,20.0,利多,0.0,中性,5.0,中性,2.5,中性,10.0,中性,0.0,利多,25.0,利多
2024-11-18,2024-11-25,0.0,中性,0.0,0.0014481595519784118,-0.0014481595519784118,0.0,0.0,0.0,1.1600000000000152,-1.1600000000000152,否,低仓少吃,是,否,低仓少吃,0.0,利空,5.0,中性,0.0,利空,0.0,中性,10.0,利多,2.5,中性,10.0,中性,0.0,利多,25.0,利多
2024-11-25,2024-12-02,0.0,中性,0.0,0.006027627256835366,-0.006027627256835366,0.0,0.0,0.0,6.260000000000015,-6.260000000000015,否,低仓少吃,是,否,低仓少吃,0.0,利空,0.0,利空,0.0,利空,0.0,中性,5.0,中性,2.5,中性,10.0,中性,0.0,中性,25.0,利多
2024-12-02,2024-12-09,0.0,中性,0.0,0.006391028193796666,-0.006391028193796666,0.0,0.0,0.0,6.669999999999974,-6.669999999999974,否,低仓少吃,是,否,低仓少吃,0.0,利空,0.0,利空,0.0,利空,0.0,中性,0.0,利空,2.5,中性,10.0,中性,0.0,中性,25.0,利多
2024-12-09,2024-12-16,0.0,中性,0.0,0.016442534881558446,-0.016442534881558446,0.0,0.0,0.0,17.680000000000025,-17.680000000000025,否,低仓少吃,是,否,低仓少吃,0.0,利空,0.0,利空,0.0,利空,0.0,中性,0.0,利空,2.5,中性,10.0,中性,0.0,中性,25.0,利多
2024-12-16,2024-12-23,0.0,中性,0.0,0.007189324870993996,-0.007189324870993996,0.0,0.0,0.0,7.530000000000002,-7.530000000000002,否,低仓少吃,是,否,低仓少吃,10.0,利多,5.0,中性,20.0,利多,0.0,中性,0.0,利空,2.5,中性,0.0,利空,0.0,利空,25.0,利多
2024-12-23,2025-01-06,0.0,中性,0.0,0.009535313904496023,-0.009535313904496023,0.0,0.0,0.0,9.769999999999985,-9.769999999999985,否,低仓少吃,是,否,低仓少吃,10.0,利多,10.0,利多,10.0,中性,0.0,中性,10.0,利多,2.5,中性,10.0,中性,0.0,利空,0.0,利空
2025-01-06,2025-01-13,0.0,中性,0.0,-0.002406624268689539,0.002406624268689539,0.0,0.0,0.0,-2.9699999999999864,2.9699999999999864,否,有效防守,否,否,有效防守,10.0,利多,10.0,利多,20.0,利多,0.0,中性,5.0,中性,2.5,中性,10.0,中性,0.0,利空,0.0,利空
2025-01-13,2025-01-20,0.0,中性,0.0,-0.002014986206997249,0.002014986206997249,0.0,0.0,0.0,-2.5500000000000176,2.5500000000000176,否,有效防守,否,否,有效防守,5.0,中性,5.0,中性,10.0,中性,0.0,中性,10.0,利多,2.5,中性,10.0,中性,0.0,利空,0.0,利空
2025-01-20,2025-01-27,0.0,中性,0.0,0.0005789120872548015,-0.0005789120872548015,0.0,0.0,0.0,0.28000000000000247,-0.28000000000000247,否,低仓少吃,是,否,低仓少吃,0.0,利空,5.0,中性,0.0,利空,0.0,中性,5.0,中性,2.5,中性,20.0,利多,0.0,利空,0.0,利空
2025-01-27,2025-02-03,0.0,中性,0.0,0.0024986200227774535,-0.0024986200227774535,0.0,0.0,0.0,2.660000000000995,-2.660000000000995,否,低仓少吃,是,否,低仓少吃,10.0,利多,0.0,利空,20.0,利多,0.0,中性,5.0,中性,2.5,中性,10.0,中性,0.0,利空,0.0,利空
2025-02-03,2025-02-10,0.0,中性,0.0,0.002637791568012249,-0.002637791568012249,0.0,0.0,0.0,2.6699999999989927,-2.6699999999989927,否,低仓少吃,是,否,低仓少吃,5.0,中性,5.0,中性,10.0,中性,0.0,中性,0.0,利空,2.5,中性,10.0,中性,0.0,利空,25.0,利多
2025-02-10,2025-02-17,0.0,中性,0.0,-0.004384913448330585,0.004384913448330585,0.0,0.0,0.0,-5.140000000000006,5.140000000000006,否,有效防守,否,否,有效防守,5.0,中性,5.0,中性,0.0,利空,0.0,中性,5.0,中性,2.5,中性,10.0,中性,0.0,利空,25.0,利多
2025-02-17,2025-02-24,0.0,中性,0.0,-0.005653427117287446,0.005653427117287446,0.0,0.0,0.0,-6.539999999999983,6.539999999999983,否,有效防守,否,否,有效防守,0.0,利空,0.0,利空,0.0,利空,0.0,中性,10.0,利多,2.5,中性,20.0,利多,0.0,利空,25.0,利多
2025-02-24,2025-03-03,-1.0,看空,0.004785382018750894,0.0007442389268375038,0.004041143091913391,-0.00037913492063491985,0.0051659203024486755,5.710000000000993,0.47999999999999376,5.230000000000999,是,其他,是,否,其他,0.0,利空,0.0,利空,0.0,利空,0.0,中性,10.0,利多,2.5,中性,0.0,利空,0.0,利空,0.0,利空
2025-03-03,2025-03-10,-1.0,看空,0.006818482130820591,-0.0073969720571174236,0.014215454187938015,-0.00038363095238095235,0.007189605792377046,7.980000000000001,-8.5,16.48,是,有效防守,否,否,有效防守,5.0,中性,5.0,中性,10.0,中性,0.0,中性,0.0,利空,5.0,利多,0.0,利空,0.0,利空,0.0,利空
2025-03-10,2025-03-17,0.0,中性,0.0,-0.0025489708489927487,0.0025489708489927487,0.0,0.0,0.0,-3.1499999999999946,3.1499999999999946,否,有效防守,否,否,有效防守,5.0,中性,10.0,利多,10.0,中性,0.0,中性,5.0,中性,5.0,利多,20.0,利多,0.0,利空,0.0,利空
2025-03-17,2025-03-24,-1.0,看空,-0.0006686551437683486,-0.0009477203305728876,0.00027906518680453907,-0.00041579761904761864,-0.0002470973650775595,-0.28000000000000225,-1.409999999999988,1.1299999999999857,否,有效防守,否,是,有效防守,5.0,中性,5.0,中性,10.0,中性,0.0,中性,0.0,利空,5.0,利多,0.0,利空,0.0,利空,0.0,利空
2025-03-24,2025-03-31,0.0,中性,0.0,0.003367330572122018,-0.003367330572122018,0.0,0.0,0.0,3.3199999999999896,-3.3199999999999896,否,低仓少吃,是,否,低仓少吃,0.0,利空,5.0,中性,0.0,利空,0.0,中性,0.0,利空,5.0,利多,10.0,中性,0.0,利空,25.0,利多
2025-03-31,2025-04-07,0.0,中性,0.0,0.008892625887319205,-0.008892625887319205,0.0,0.0,0.0,9.45999999999999,-9.45999999999999,否,低仓少吃,是,否,低仓少吃,5.0,中性,5.0,中性,0.0,利空,0.0,中性,5.0,中性,5.0,利多,10.0,中性,0.0,利空,25.0,利多
2025-04-07,2025-04-14,0.0,中性,0.0,0.005877373120800389,-0.005877373120800389,0.0,0.0,0.0,6.120000000000014,-6.120000000000014,否,低仓少吃,是,否,低仓少吃,5.0,中性,5.0,中性,10.0,中性,0.0,中性,0.0,利空,5.0,利多,10.0,中性,0.0,利空,25.0,利多
2025-04-14,2025-04-21,0.0,中性,0.0,0.0010124934147575093,-0.0010124934147575093,0.0,0.0,0.0,0.7499999999999869,-0.7499999999999869,否,低仓少吃,是,否,低仓少吃,5.0,中性,5.0,中性,10.0,中性,0.0,中性,5.0,中性,5.0,利多,0.0,利空,0.0,利空,25.0,利多
2025-04-21,2025-04-28,0.0,中性,0.0,-0.0007085924578640324,0.0007085924578640324,0.0,0.0,0.0,-1.1299999999999852,1.1299999999999852,否,有效防守,否,否,有效防守,5.0,中性,5.0,中性,10.0,中性,0.0,中性,5.0,中性,5.0,利多,10.0,中性,0.0,利空,25.0,利多
2025-04-28,2025-05-05,1.0,看多,0.0047831356434004935,0.00351937800142621,0.0012637576419742835,0.0002244484126984123,0.004553507424319533,5.04000000000001,3.6299999999999875,1.4100000000000223,是,有效进攻,是,否,有效进攻,5.0,中性,0.0,利空,10.0,中性,0.0,中性,5.0,中性,5.0,利多,20.0,利多,0.0,利空,25.0,利多
2025-05-05,2025-05-12,1.0,看多,0.0011945255225838114,-0.0007314554903166126,0.001925981012900424,0.0002927579365079361,0.0009039518178491914,0.999999999999994,-1.0800000000000045,2.0799999999999983,是,其他,否,否,其他,5.0,中性,10.0,利多,10.0,中性,0.0,中性,5.0,中性,5.0,利多,10.0,中性,0.0,利空,25.0,利多
2025-05-12,2025-05-19,1.0,看多,-0.0019011896039536902,-0.0037249173982428774,0.0018237277942891872,0.00036865873015873014,-0.0022662812905043356,-2.5000000000000027,-4.4199999999999795,1.9199999999999768,否,其他,否,是,其他,5.0,中性,10.0,利多,10.0,中性,0.0,中性,5.0,中性,5.0,利多,20.0,利多,0.0,中性,25.0,利多
2025-05-19,2025-05-26,0.0,中性,0.0,-0.003446150391517855,0.003446150391517855,0.0,0.0,0.0,-4.150000000000022,4.150000000000022,否,有效防守,否,否,有效防守,5.0,中性,5.0,中性,10.0,中性,0.0,中性,10.0,利多,5.0,利多,10.0,中性,0.0,中性,0.0,利空
2025-05-26,2025-06-02,0.0,中性,0.0,0.004863137155764807,-0.004863137155764807,0.0,0.0,0.0,4.959999999999999,-4.959999999999999,否,低仓少吃,是,否,低仓少吃,5.0,中性,0.0,利空,10.0,中性,0.0,中性,5.0,中性,2.5,中性,20.0,利多,0.0,中性,25.0,利多
2025-06-02,2025-06-09,0.0,中性,0.0,0.0017726452756781086,-0.0017726452756781086,0.0,0.0,0.0,1.6500000000000195,-1.6500000000000195,否,低仓少吃,是,否,低仓少吃,5.0,中性,10.0,利多,10.0,中性,0.0,中性,5.0,中性,2.5,中性,0.0,利空,0.0,中性,25.0,利多
2025-06-09,2025-06-16,0.0,中性,0.0,0.0013056862827354188,-0.0013056862827354188,0.0,0.0,0.0,1.0699999999999945,-1.0699999999999945,否,低仓少吃,是,否,低仓少吃,5.0,中性,10.0,利多,10.0,中性,0.0,中性,0.0,利空,2.5,中性,10.0,中性,0.0,中性,0.0,利空
2025-06-16,2025-06-23,1.0,看多,0.0019068399537318648,0.0007280453789360042,0.0011787945747958606,0.00035599603174603134,0.0015512978718024576,1.7100000000000102,0.439999999999989,1.2700000000000211,是,有效进攻,是,否,有效进攻,5.0,中性,5.0,中性,10.0,中性,0.0,中性,5.0,中性,2.5,中性,20.0,利多,0.0,中性,25.0,利多
2025-06-23,2025-06-30,0.0,中性,0.0,-0.000278427083339583,0.000278427083339583,0.0,0.0,0.0,-0.660000000000001,0.660000000000001,否,有效防守,否,否,有效防守,0.0,利空,0.0,利空,0.0,利空,0.0,中性,10.0,利多,2.5,中性,20.0,利多,0.0,中性,25.0,利多
2025-06-30,2025-07-07,1.0,看多,0.002854776037312323,0.0005913784648210463,0.002263397572491277,0.00035505952380952377,0.002497873021114854,2.7500000000000098,0.29000000000001247,2.4599999999999973,是,有效进攻,是,否,有效进攻,10.0,利多,10.0,利多,10.0,中性,0.0,中性,10.0,利多,2.5,中性,10.0,中性,0.0,中性,25.0,利多
2025-07-07,2025-07-14,0.0,中性,0.0,-0.0016862282410268215,0.0016862282410268215,0.0,0.0,0.0,-2.2000000000000144,2.2000000000000144,否,有效防守,否,否,有效防守,5.0,中性,5.0,中性,10.0,中性,0.0,中性,10.0,利多,2.5,中性,10.0,中性,0.0,中性,25.0,利多
2025-07-14,2025-07-21,0.0,中性,0.0,0.00033676612976285547,-0.00033676612976285547,0.0,0.0,0.0,0.01000000000000989,-0.01000000000000989,否,低仓少吃,是,否,低仓少吃,5.0,中性,5.0,中性,10.0,中性,0.0,中性,10.0,利多,2.5,中性,10.0,中性,0.0,中性,25.0,利多
2025-07-21,2025-07-28,-1.0,看空,0.005215644546826548,-0.005789889408664872,0.01100553395549142,-0.00035317460317460324,0.0055593213039434024,6.11999999999998,-6.71999999999999,12.83999999999997,是,有效防守,否,否,有效防守,0.0,利空,5.0,中性,0.0,利空,0.0,中性,5.0,中性,0.0,利空,10.0,中性,0.0,中性,0.0,利空
2025-07-28,2025-08-04,0.0,中性,0.0,0.0027458663829957874,-0.0027458663829957874,0.0,0.0,0.0,2.649999999999979,-2.649999999999979,否,低仓少吃,是,否,低仓少吃,0.0,利空,0.0,利空,10.0,中性,0.0,中性,10.0,利多,0.0,利空,20.0,利多,0.0,中性,0.0,利空
2025-08-04,2025-08-11,0.0,中性,0.0,0.0018715106861100228,-0.0018715106861100228,0.0,0.0,0.0,1.6800000000000148,-1.6800000000000148,否,低仓少吃,是,否,低仓少吃,5.0,中性,5.0,中性,10.0,中性,0.0,中性,5.0,中性,2.5,中性,0.0,利空,0.0,中性,25.0,利多
2025-08-11,2025-08-18,0.0,中性,0.0,-0.004887633358631516,0.004887633358631516,0.0,0.0,0.0,-5.739999999999009,5.739999999999009,否,有效防守,否,否,有效防守,10.0,利多,10.0,利多,20.0,利多,0.0,中性,5.0,中性,2.5,中性,10.0,中性,0.0,中性,0.0,利空
2025-08-18,2025-08-25,-1.0,看空,0.009223480085525093,-0.002870473351052616,0.012093953436577709,-0.0003770357142857143,0.009576120159063405,10.590000000000009,-3.5300000000009977,14.120000000001006,是,有效防守,否,否,有效防守,0.0,利空,5.0,中性,0.0,利空,0.0,中性,5.0,中性,0.0,利空,10.0,中性,0.0,中性,0.0,利空
2025-08-25,2025-09-01,-1.0,看空,0.005229369850485721,-0.004751161976546903,0.009980531827032624,-0.0003888730158730155,0.0056214977223408135,6.2399999999989895,-5.60999999999999,11.849999999998978,是,有效防守,否,否,有效防守,0.0,利空,0.0,利空,10.0,中性,0.0,中性,10.0,利多,5.0,利多,0.0,利空,0.0,利多,0.0,利空
2025-09-01,2025-09-08,0.0,中性,0.0,0.001433182036726377,-0.001433182036726377,0.0,0.0,0.0,1.1900000000000102,-1.1900000000000102,否,低仓少吃,是,否,低仓少吃,5.0,中性,10.0,利多,10.0,中性,0.0,中性,5.0,中性,2.5,中性,10.0,中性,0.0,利多,25.0,利多
2025-09-08,2025-09-15,0.0,中性,0.0,-0.003354625407953171,0.003354625407953171,0.0,0.0,0.0,-4.100000000000007,4.100000000000007,否,有效防守,否,否,有效防守,5.0,中性,5.0,中性,10.0,中性,0.0,中性,5.0,中性,2.5,中性,10.0,中性,0.0,利多,25.0,利多
2025-09-15,2025-09-22,0.0,中性,0.0,-0.0007185158361622257,0.0007185158361622257,0.0,0.0,0.0,-1.1900000000000102,1.1900000000000102,否,有效防守,否,否,有效防守,5.0,中性,5.0,中性,10.0,中性,0.0,中性,0.0,利空,5.0,利多,10.0,中性,0.0,利多,0.0,利空
2025-09-22,2025-09-29,0.0,中性,0.0,0.0005544026000243729,-0.0005544026000243729,0.0,0.0,0.0,0.2100000000000024,-0.2100000000000024,否,低仓少吃,是,否,低仓少吃,5.0,中性,5.0,中性,10.0,中性,0.0,中性,5.0,中性,2.5,中性,10.0,中性,0.0,利多,25.0,利多
2025-09-29,2025-10-06,0.0,中性,0.0,0.0016196262125296457,-0.0016196262125296457,0.0,0.0,0.0,1.6299999999999997,-1.6299999999999997,否,低仓少吃,是,否,低仓少吃,10.0,利多,0.0,利空,20.0,利多,0.0,中性,5.0,中性,5.0,利多,0.0,利空,0.0,利多,0.0,利空
2025-10-06,2025-10-13,1.0,看多,-0.0006616502406689984,0.0014593494466312862,-0.0021209996873002845,0.00016268650793650755,-0.0008242534364685532,-0.9200000000009895,1.449999999999993,-2.3700000000009824,否,其他,是,是,其他,10.0,利多,10.0,利多,20.0,利多,0.0,中性,5.0,中性,5.0,利多,10.0,中性,0.0,利多,25.0,利多
2025-10-13,2025-10-20,0.0,中性,0.0,0.002304167197450857,-0.002304167197450857,0.0,0.0,0.0,2.1400000000000237,-2.1400000000000237,否,低仓少吃,是,否,低仓少吃,10.0,利多,10.0,利多,20.0,利多,0.0,中性,5.0,中性,5.0,利多,10.0,中性,0.0,利多,0.0,利空
2025-10-20,2025-10-27,0.0,中性,0.0,-0.0018152345013326965,0.0018152345013326965,0.0,0.0,0.0,-2.4000000000000066,2.4000000000000066,否,有效防守,否,否,有效防守,5.0,中性,5.0,中性,10.0,中性,0.0,中性,0.0,利空,2.5,中性,20.0,利多,0.0,利多,0.0,利空
2025-10-27,2025-11-03,0.0,中性,0.0,0.005192999175695601,-0.005192999175695601,0.0,0.0,0.0,5.319999999999977,-5.319999999999977,否,低仓少吃,是,否,低仓少吃,5.0,中性,0.0,利空,10.0,中性,0.0,中性,5.0,中性,2.5,中性,10.0,中性,0.0,利多,25.0,利多
2025-11-03,2025-11-10,0.0,中性,0.0,-0.0013496103385125524,0.0013496103385125524,0.0,0.0,0.0,-1.879999999999972,1.879999999999972,否,有效防守,否,否,有效防守,10.0,利多,5.0,中性,10.0,中性,0.0,中性,5.0,中性,2.5,中性,10.0,中性,0.0,利多,25.0,利多
2025-11-10,2025-11-17,1.0,看多,0.00029049596122066035,0.00037732420377389886,-8.682824255323851e-05,0.00039380555555555555,-0.00010049247050546248,-0.11000000000000593,0.019999999999985363,-0.1299999999999913,否,其他,是,否,有效进攻,5.0,中性,5.0,中性,10.0,中性,0.0,中性,5.0,中性,2.5,中性,20.0,利多,0.0,利多,25.0,利多
2025-11-17,2025-11-24,0.0,中性,0.0,0.00012356976165395217,-0.00012356976165395217,0.0,0.0,0.0,-0.2600000000000172,0.2600000000000172,否,有效防守,是,否,低仓少吃,5.0,中性,5.0,中性,10.0,中性,0.0,中性,5.0,中性,2.5,中性,10.0,中性,0.0,中性,0.0,利空
2025-11-24,2025-12-01,-1.0,看空,0.00403935816463874,-0.0018676630156626572,0.005907021180301397,-0.0003960079365079365,0.004430234213485437,4.930000000000004,-2.459999999998991,7.389999999998995,是,有效防守,否,否,有效防守,0.0,利空,5.0,中性,0.0,利空,0.0,中性,5.0,中性,2.5,中性,10.0,中性,0.0,中性,0.0,利空
2025-12-01,2025-12-08,0.0,中性,0.0,-0.00025597528295706606,0.00025597528295706606,0.0,0.0,0.0,-0.6800000000009927,0.6800000000009927,否,有效防守,否,否,有效防守,5.0,中性,5.0,中性,20.0,利多,0.0,中性,10.0,利多,2.5,中性,10.0,中性,0.0,利多,0.0,利空
2025-12-08,2025-12-15,0.0,中性,0.0,0.0011268643707560422,-0.0011268643707560422,0.0,0.0,0.0,0.8400000000000074,-0.8400000000000074,否,低仓少吃,是,否,低仓少吃,5.0,中性,10.0,利多,20.0,利多,0.0,中性,10.0,利多,5.0,利多,0.0,利空,0.0,利多,0.0,利空
2025-12-15,2025-12-22,0.0,中性,0.0,0.0011614846339538243,-0.0011614846339538243,0.0,0.0,0.0,0.8799999999999781,-0.8799999999999781,否,低仓少吃,是,否,低仓少吃,10.0,利多,10.0,利多,20.0,利多,0.0,中性,5.0,中性,5.0,利多,10.0,中性,0.0,利多,0.0,利空
2025-12-22,2025-12-29,0.0,中性,0.0,-0.000252798110529584,0.000252798110529584,0.0,0.0,0.0,-0.6799999999999862,0.6799999999999862,否,有效防守,否,否,有效防守,10.0,利多,10.0,利多,20.0,利多,0.0,中性,0.0,利空,2.5,中性,10.0,中性,0.0,利多,0.0,利空
2025-12-29,2026-01-05,1.0,看多,-0.001647454602009546,-0.0006614332379374366,-0.0009860213640721094,0.00024376984126984124,-0.001891195038847348,-2.109999999999994,-0.9699999999999984,-1.1399999999999957,否,该空没空,否,是,该空没空,10.0,利多,0.0,利空,20.0,利多,0.0,中性,5.0,中性,2.5,中性,10.0,中性,0.0,利多,25.0,利多
2026-01-05,2026-01-12,0.0,中性,0.0,-0.002429078265383522,0.002429078265383522,0.0,0.0,0.0,-3.0900000000000025,3.0900000000000025,否,有效防守,否,否,有效防守,5.0,中性,10.0,利多,10.0,中性,0.0,中性,5.0,中性,2.5,中性,10.0,中性,0.0,利多,25.0,利多
2026-01-12,2026-01-19,0.0,中性,0.0,0.0036104721811751617,-0.0036104721811751617,0.0,0.0,0.0,3.580000000000007,-3.580000000000007,否,低仓少吃,是,否,低仓少吃,10.0,利多,5.0,中性,10.0,中性,0.0,中性,10.0,利多,2.5,中性,10.0,中性,0.0,利多,0.0,利空
2026-01-19,2026-01-26,0.0,中性,0.0,0.0015049715472936764,-0.0015049715472936764,0.0,0.0,0.0,1.2600000000000111,-1.2600000000000111,否,低仓少吃,是,否,低仓少吃,5.0,中性,5.0,中性,10.0,中性,0.0,中性,5.0,中性,2.5,中性,10.0,中性,0.0,利多,0.0,利空
2026-01-26,2026-02-02,0.0,中性,0.0,0.0020482120894909084,-0.0020482120894909084,0.0,0.0,0.0,1.859999999999987,-1.859999999999987,否,低仓少吃,是,否,低仓少吃,0.0,利空,0.0,利空,0.0,利空,0.0,中性,5.0,中性,2.5,中性,20.0,利多,0.0,利多,25.0,利多
2026-02-02,2026-02-09,0.0,中性,0.0,0.00045039183781936387,-0.00045039183781936387,0.0,0.0,0.0,0.09999999999999587,-0.09999999999999587,否,低仓少吃,是,否,低仓少吃,0.0,利空,0.0,利空,0.0,利空,0.0,中性,10.0,利多,2.5,中性,10.0,中性,0.0,利多,25.0,利多
2026-02-09,2026-03-02,0.0,中性,0.0,0.0026758762038283646,-0.0026758762038283646,0.0,0.0,0.0,2.2499999999999956,-2.2499999999999956,否,低仓少吃,是,否,低仓少吃,0.0,利空,0.0,利空,0.0,利空,0.0,中性,5.0,中性,2.5,中性,10.0,中性,0.0,利多,25.0,利多
2026-03-02,2026-03-09,-1.0,看空,-0.0012204030713464098,0.0009610453190180834,-0.0021814483903644932,-0.0003940873015873012,-0.0008264459312491619,-0.9199999999990118,0.6700000000000108,-1.5899999999990226,否,做空做反,是,是,做空做反,0.0,利空,0.0,利空,0.0,利空,0.0,中性,5.0,中性,5.0,利多,0.0,利空,0.0,利多,0.0,利空
2026-03-09,2026-03-16,1.0,看多,0.0003023035333262758,-0.0026665122718835255,0.0029688158052098013,0.00039551190476190475,-9.112052456660964e-05,-0.09999999999999609,-3.3299999999999996,3.2300000000000035,否,其他,否,否,其他,5.0,中性,5.0,中性,20.0,利多,0.0,中性,5.0,中性,2.5,中性,20.0,利多,0.0,利多,25.0,利多
2026-03-16,2026-03-23,0.0,中性,0.0,-0.0010555199295704254,0.0010555199295704254,0.0,0.0,0.0,-1.5599999999999987,1.5599999999999987,否,有效防守,否,否,有效防守,0.0,利空,5.0,中性,0.0,利空,0.0,中性,10.0,利多,2.5,中性,20.0,利多,0.0,利多,25.0,利多
2026-03-23,2026-03-30,0.0,中性,0.0,0.0015144253452041845,-0.0015144253452041845,0.0,0.0,0.0,1.2699999999999863,-1.2699999999999863,否,低仓少吃,是,否,低仓少吃,0.0,利空,0.0,利空,10.0,中性,0.0,中性,5.0,中性,2.5,中性,10.0,中性,0.0,利多,25.0,利多
2026-03-30,2026-04-06,0.0,中性,0.0,0.00011375144213876531,-0.00011375144213876531,0.0,0.0,0.0,-0.2699999999999925,0.2699999999999925,否,有效防守,是,否,低仓少吃,5.0,中性,5.0,中性,10.0,中性,0.0,中性,5.0,中性,2.5,中性,10.0,中性,0.0,利多,25.0,利多
2026-04-06,2026-04-13,0.0,中性,0.0,0.0009321965584130343,-0.0009321965584130343,0.0,0.0,0.0,0.7100000000000162,-0.7100000000000162,否,低仓少吃,是,否,低仓少吃,5.0,中性,5.0,中性,10.0,中性,0.0,中性,5.0,中性,2.5,中性,10.0,中性,0.0,利多,25.0,利多
2026-04-13,2026-04-20,0.0,中性,0.0,0.00494858673420695,-0.00494858673420695,0.0,0.0,0.0,5.049999999999986,-5.049999999999986,否,低仓少吃,是,否,低仓少吃,5.0,中性,5.0,中性,10.0,中性,0.0,中性,5.0,中性,0.0,利空,10.0,中性,0.0,利多,25.0,利多
2026-04-20,2026-04-27,0.0,中性,0.0,0.0005445442675717782,-0.0005445442675717782,0.0,0.0,0.0,0.22000000000001196,-0.22000000000001196,否,低仓少吃,是,否,低仓少吃,5.0,中性,5.0,中性,10.0,中性,0.0,中性,0.0,利空,2.5,中性,10.0,中性,0.0,利多,25.0,利多
2026-04-27,2026-05-04,0.0,中性,0.0,0.0014413704875593236,-0.0014413704875593236,0.0,0.0,0.0,1.2799999999999963,-1.2799999999999963,否,低仓少吃,是,否,低仓少吃,5.0,中性,0.0,利空,10.0,中性,0.0,中性,5.0,中性,0.0,利空,10.0,中性,0.0,利多,25.0,利多
2026-05-04,2026-05-11,1.0,看多,0.0007625227226242259,-0.001383984683954731,0.002146507406578957,0.00023058730158730158,0.0005377554508898281,0.6000000000000103,-1.7500000000000155,2.350000000000026,是,其他,否,否,其他,10.0,利多,10.0,利多,20.0,利多,0.0,中性,5.0,中性,2.5,中性,10.0,中性,0.0,利多,25.0,利多
2026-05-11,2026-05-18,0.0,中性,0.0,0.0002569731984751744,-0.0002569731984751744,0.0,0.0,0.0,-0.09999999999999609,0.09999999999999609,否,有效防守,是,否,低仓少吃,5.0,中性,10.0,利多,10.0,中性,0.0,中性,5.0,中性,0.0,利空,20.0,利多,0.0,利多,0.0,利空
2026-05-18,2026-05-25,1.0,看多,0.0019469328677255149,0.001607755347040829,0.0003391775206846859,0.00037359920634920634,0.0015722678183744691,1.7400000000000053,1.3900000000000023,0.350000000000003,是,有效进攻,是,否,有效进攻,5.0,中性,5.0,中性,10.0,中性,-5.0,利空,10.0,利多,0.0,利空,20.0,利多,0.0,利多,25.0,利多
2026-05-25,2026-06-01,0.0,中性,0.0,0.004258164881929538,-0.004258164881929538,0.0,0.0,0.0,4.2899999999999885,-4.2899999999999885,否,低仓少吃,是,否,低仓少吃,0.0,利空,0.0,利空,0.0,利空,0.0,中性,5.0,中性,0.0,利空,10.0,中性,0.0,中性,25.0,利多
2026-06-01,2026-06-08,0.0,中性,0.0,-0.000730043962922533,0.000730043962922533,0.0,0.0,0.0,-1.1699999999999906,1.1699999999999906,否,有效防守,否,否,有效防守,5.0,中性,5.0,中性,10.0,中性,-5.0,利空,5.0,中性,0.0,利空,10.0,中性,0.0,中性,25.0,利多
2026-06-08,2026-06-15,0.0,中性,0.0,-0.0016599917636319628,0.0016599917636319628,0.0,0.0,0.0,-2.1999999999990085,2.1999999999990085,否,有效防守,否,否,有效防守,5.0,中性,5.0,中性,10.0,中性,-5.0,利空,5.0,中性,0.0,利空,20.0,利多,0.0,中性,25.0,利多
2026-06-15,2026-06-22,0.0,中性,0.0,0.0014411646002432388,-0.0014411646002432388,0.0,0.0,0.0,1.2799999999990248,-1.2799999999990248,否,低仓少吃,是,否,低仓少吃,5.0,中性,5.0,中性,10.0,中性,0.0,中性,10.0,利多,0.0,利空,10.0,中性,0.0,中性,0.0,利空
2026-06-22,2026-06-29,0.0,中性,0.0,0.00020683365573015422,-0.00020683365573015422,0.0,0.0,0.0,-0.15000000000001118,0.15000000000001118,否,有效防守,是,否,低仓少吃,5.0,中性,5.0,中性,10.0,中性,-5.0,利空,0.0,利空,0.0,利空,10.0,中性,0.0,中性,25.0,利多
2026-06-29,2026-07-06,0.0,中性,0.0,-0.0010165713782952501,0.0010165713782952501,0.0,0.0,0.0,-1.489999999999998,1.489999999999998,否,有效防守,否,否,有效防守,5.0,中性,5.0,中性,10.0,中性,-5.0,利空,0.0,利空,0.0,利空,10.0,中性,0.0,利空,25.0,利多
2026-07-06,2026-07-13,0.0,中性,0.0,0.0009368805933582802,-0.0009368805933582802,0.0,0.0,0.0,0.6499999999999909,-0.6499999999999909,否,低仓少吃,是,否,低仓少吃,5.0,中性,10.0,利多,10.0,中性,0.0,中性,5.0,中性,0.0,利空,10.0,中性,0.0,中性,0.0,利空
2026-07-13,,0.0,中性,0.0,0.00010160141448078974,-0.00010160141448078974,0.0,0.0,0.0,-0.04000000000000531,0.04000000000000531,否,有效防守,是,否,低仓少吃,10.0,利多,10.0,利多,20.0,利多,0.0,中性,5.0,中性,0.0,利空,10.0,中性,0.0,中性,0.0,利空
